Workbook

Sheet 안내
A1: 안내ID | B1: 시트명 | C1: 용도 | D1: 누가 주로 사용하나 | E1: 설명
A2: INFO-001 | B2: 현원_원본 | C2: 원본보관 | D2: 관리자 | E2: 샘플 원본 그대로 보관
A3: INFO-002 | B3: 반별학생명단 | C3: 보기용 | D3: 실무자 | E3: 반 안에 어떤 학생이 있는지 확인
A4: INFO-003 | B4: 학생목록 | C4: 기준정보 | D4: 관리자 | E4: 학생 검색용 기준 목록
A5: INFO-004 | B5: 반마스터 | C5: 기준정보 | D5: 관리자 | E5: 반명=교재 기준. 수업/피드백 2종 관리
A6: INFO-005 | B6: 학생반배정 | C6: 기준정보 | D6: 관리자 | E6: 학생-반 소속 관계. 반이동 시 여기 수정
A7: INFO-006 | B7: 교재재고 | C7: 핵심 | D7: 실무자/관리자 | E7: 초기재고 입력, 누적배부/현재재고 자동집계
A8: INFO-007 | B8: 일괄배부입력 | C8: 핵심입력 | D8: 실무자 | E8: 매월 반별 교재 일괄배부 입력
A9: INFO-008 | B9: 개별배부입력 | C9: 핵심입력 | D9: 실무자 | E9: 특정 학생만 추가 배부 입력
A10: INFO-009 | B10: 배부로그 | C10: 기록 | D10: 자동/AppSheet | E10: 모든 배부 기록 저장
A11: INFO-010 | B11: 학생조회 | C11: 조회 | D11: 실무자 | E11: 학생명+기준일로 과거 배부내역 확인
A12: INFO-011 | B12: 특이사항모아보기 | C12: 조회 | D12: 실무자 | E12: 특이사항 있는 학생만 한 번에 확인
... A14: INFO-013 | B14: AppSheet_설정 | C14: 설정 | D14: 관리자 | E14: AppSheet 연결/액션 만들기 가이드

Sheet 현원_원본
A1: 현원
A3: Data DownLoad 일자 : 2026-03-25
A5: 반명 | B5: 학생명
A6: (목) 301호 생명D 강원휘(13시20분) | B6: (5)강연웅2804
A7: (목) 501호 언매 김종훈(08시) | B7: (5)강연웅2804
A8: (화) 303호 지학D 이병훈(08시) | B8: (5)강연웅2804
A9: 정규(수)802B 국어 김종훈 | B9: (5)강연웅2804
A10: 정규(월금)801B 미적 전종현(수매Q) | B10: (5)강연웅2804
A11: 정규(토)901A 영어 김희준 | B11: (5)강연웅2804
A12: (목) 702호 화작 조영신(13시20분) | B12: (5)강유찬8685
A13: (목) 별관지하 세지A 이승국(08시) | B13: (5)강유찬8685
A14: (화) 별관302호 사문B 강성욱(13시20분) | B14: (5)강유찬8685
A15: 정규(수)701A 영어 김희준 | B15: (5)강유찬8685
A16: 정규(월금)603B 미적 김학림(수매T) | B16: (5)강유찬8685
... A3934: 정규(월)403B 영어 지종규 | B3934: 황준서0113

Sheet 학생목록
A1: 학생명 | B1: 현재배정반수
A2: =IFERROR(__xludf.DUMMYFUNCTION("SORT( UNIQUE( FILTER( TRIM('학생반배정'!B2:B1000), TRIM('학생반배정'!B2:B1000)<>"""", TRIM('학생반배정'!D2:D1000)=""재원"" ) ) )"),"(5)강연웅2804") -> (5)강연웅2804 | B2: {=IF( A2:A1000<>"", COUNTIFS('학생반배정'!B:B, A2:A1000, '학생반배정'!D:D, "재원"), "" )} -> 16
A3: =IFERROR(__xludf.DUMMYFUNCTION("""COMPUTED_VALUE"""),"(5)강유찬8685") -> (5)강유찬8685 | B3: 14
A4: =IFERROR(__xludf.DUMMYFUNCTION("""COMPUTED_VALUE"""),"(5)고강민8799") -> (5)고강민8799 | B4: 16
A5: =IFERROR(__xludf.DUMMYFUNCTION("""COMPUTED_VALUE"""),"(5)김준수3824") -> (5)김준수3824 | B5: 16
A6: =IFERROR(__xludf.DUMMYFUNCTION("""COMPUTED_VALUE"""),"(5)김진혁7053") -> (5)김진혁7053 | B6: 16
A7: =IFERROR(__xludf.DUMMYFUNCTION("""COMPUTED_VALUE"""),"(5)문혁기2222") -> (5)문혁기2222 | B7: 16
A8: =IFERROR(__xludf.DUMMYFUNCTION("""COMPUTED_VALUE"""),"(5)박경동8420") -> (5)박경동8420 | B8: 16
A9: =IFERROR(__xludf.DUMMYFUNCTION("""COMPUTED_VALUE"""),"(5)방준혁8763") -> (5)방준혁8763 | B9: 16
A10: =IFERROR(__xludf.DUMMYFUNCTION("""COMPUTED_VALUE"""),"(5)손찬우7814") -> (5)손찬우7814 | B10: 16
A11: =IFERROR(__xludf.DUMMYFUNCTION("""COMPUTED_VALUE"""),"(5)신희건2420") -> (5)신희건2420 | B11: 13
A12: =IFERROR(__xludf.DUMMYFUNCTION("""COMPUTED_VALUE"""),"(5)오승민8884") -> (5)오승민8884 | B12: 16
A13: =IFERROR(__xludf.DUMMYFUNCTION("""COMPUTED_VALUE"""),"(5)유민재7079") -> (5)유민재7079 | B13: 16
A14: =IFERROR(__xludf.DUMMYFUNCTION("""COMPUTED_VALUE"""),"(5)윤태웅1592") -> (5)윤태웅1592 | B14: 16
A15: =IFERROR(__xludf.DUMMYFUNCTION("""COMPUTED_VALUE"""),"(5)이민욱7522") -> (5)이민욱7522 | B15: 16
A16: =IFERROR(__xludf.DUMMYFUNCTION("""COMPUTED_VALUE"""),"(5)이영욱6966") -> (5)이영욱6966 | B16: 16
A17: =IFERROR(__xludf.DUMMYFUNCTION("""COMPUTED_VALUE"""),"(5)이재국9609") -> (5)이재국9609 | B17: 16
A18: =IFERROR(__xludf.DUMMYFUNCTION("""COMPUTED_VALUE"""),"(5)조준범0784") -> (5)조준범0784 | B18: 16
A19: =IFERROR(__xludf.DUMMYFUNCTION("""COMPUTED_VALUE"""),"(5)지무경1270") -> (5)지무경1270 | B19: 16
A20: =IFERROR(__xludf.DUMMYFUNCTION("""COMPUTED_VALUE"""),"(5)최민준4523") -> (5)최민준4523 | B20: 16
A21: =IFERROR(__xludf.DUMMYFUNCTION("""COMPUTED_VALUE"""),"(5)하시원2339") -> (5)하시원2339 | B21: 16
A22: =IFERROR(__xludf.DUMMYFUNCTION("""COMPUTED_VALUE"""),"(강)기영윤7318") -> (강)기영윤7318 | B22: 16
A23: =IFERROR(__xludf.DUMMYFUNCTION("""COMPUTED_VALUE"""),"(강)김도형7747") -> (강)김도형7747 | B23: 14
A24: =IFERROR(__xludf.DUMMYFUNCTION("""COMPUTED_VALUE"""),"(강)김민건8182") -> (강)김민건8182 | B24: 16
A25: =IFERROR(__xludf.DUMMYFUNCTION("""COMPUTED_VALUE"""),"(강)김수홍7778") -> (강)김수홍7778 | B25: 16
A26: =IFERROR(__xludf.DUMMYFUNCTION("""COMPUTED_VALUE"""),"(강)민준혁9223") -> (강)민준혁9223 | B26: 16
A27: =IFERROR(__xludf.DUMMYFUNCTION("""COMPUTED_VALUE"""),"(강)박성효3234") -> (강)박성효3234 | B27: 16
A28: =IFERROR(__xludf.DUMMYFUNCTION("""COMPUTED_VALUE"""),"(강)박주석8032") -> (강)박주석8032 | B28: 16
A29: =IFERROR(__xludf.DUMMYFUNCTION("""COMPUTED_VALUE"""),"(강)왕효준2880") -> (강)왕효준2880 | B29: 15
A30: =IFERROR(__xludf.DUMMYFUNCTION("""COMPUTED_VALUE"""),"(강)이도현1102") -> (강)이도현1102 | B30: 16
A31: =IFERROR(__xludf.DUMMYFUNCTION("""COMPUTED_VALUE"""),"(강)이동건5693") -> (강)이동건5693 | B31: 16
A32: =IFERROR(__xludf.DUMMYFUNCTION("""COMPUTED_VALUE"""),"(강)장윤건7351") -> (강)장윤건7351 | B32: 16
A33: =IFERROR(__xludf.DUMMYFUNCTION("""COMPUTED_VALUE"""),"(개_5)김민준5243") -> (개_5)김민준5243 | B33: 16
A34: =IFERROR(__xludf.DUMMYFUNCTION("""COMPUTED_VALUE"""),"(개_5)민정원9707") -> (개_5)민정원9707 | B34: 16
A35: =IFERROR(__xludf.DUMMYFUNCTION("""COMPUTED_VALUE"""),"(개_5)박상현0208") -> (개_5)박상현0208 | B35: 16
A36: =IFERROR(__xludf.DUMMYFUNCTION("""COMPUTED_VALUE"""),"(개_5)박시우7232") -> (개_5)박시우7232 | B36: 16
A37: =IFERROR(__xludf.DUMMYFUNCTION("""COMPUTED_VALUE"""),"(개_5)방승수0714") -> (개_5)방승수0714 | B37: 16
A38: =IFERROR(__xludf.DUMMYFUNCTION("""COMPUTED_VALUE"""),"(개_5)서은후1353") -> (개_5)서은후1353 | B38: 16
A39: =IFERROR(__xludf.DUMMYFUNCTION("""COMPUTED_VALUE"""),"(개_5)이한결0479") -> (개_5)이한결0479 | B39: 16
A40: =IFERROR(__xludf.DUMMYFUNCTION("""COMPUTED_VALUE"""),"(개_5)임건우5242") -> (개_5)임건우5242 | B40: 16
A41: =IFERROR(__xludf.DUMMYFUNCTION("""COMPUTED_VALUE"""),"(개_5)임예준3266") -> (개_5)임예준3266 | B41: 16
A42: =IFERROR(__xludf.DUMMYFUNCTION("""COMPUTED_VALUE"""),"(개_5)임재준4588") -> (개_5)임재준4588 | B42: 16
A43: =IFERROR(__xludf.DUMMYFUNCTION("""COMPUTED_VALUE"""),"(개_5)전예준2851") -> (개_5)전예준2851 | B43: 16
A44: =IFERROR(__xludf.DUMMYFUNCTION("""COMPUTED_VALUE"""),"(개_5)지우현4872") -> (개_5)지우현4872 | B44: 16
A45: =IFERROR(__xludf.DUMMYFUNCTION("""COMPUTED_VALUE"""),"(개_일)고은채4346") -> (개_일)고은채4346 | B45: 16
A46: =IFERROR(__xludf.DUMMYFUNCTION("""COMPUTED_VALUE"""),"(개_일)김시예0805") -> (개_일)김시예0805 | B46: 16
A47: =IFERROR(__xludf.DUMMYFUNCTION("""COMPUTED_VALUE"""),"(개_일)김예담9555") -> (개_일)김예담9555 | B47: 16
A48: =IFERROR(__xludf.DUMMYFUNCTION("""COMPUTED_VALUE"""),"(개_일)김온유5076") -> (개_일)김온유5076 | B48: 16
A49: =IFERROR(__xludf.DUMMYFUNCTION("""COMPUTED_VALUE"""),"(개_일)김유진2847") -> (개_일)김유진2847 | B49: 16
A50: =IFERROR(__xludf.DUMMYFUNCTION("""COMPUTED_VALUE"""),"(개_일)김태은3330") -> (개_일)김태은3330 | B50: 16
A51: =IFERROR(__xludf.DUMMYFUNCTION("""COMPUTED_VALUE"""),"(개_일)박예영8386") -> (개_일)박예영8386 | B51: 16
A52: =IFERROR(__xludf.DUMMYFUNCTION("""COMPUTED_VALUE"""),"(개_일)손여진3390") -> (개_일)손여진3390 | B52: 16
A53: =IFERROR(__xludf.DUMMYFUNCTION("""COMPUTED_VALUE"""),"(개_일)양이든8316") -> (개_일)양이든8316 | B53: 16
A54: =IFERROR(__xludf.DUMMYFUNCTION("""COMPUTED_VALUE"""),"(개_일)이서의7569") -> (개_일)이서의7569 | B54: 16
A55: =IFERROR(__xludf.DUMMYFUNCTION("""COMPUTED_VALUE"""),"(개_일)이서현2233") -> (개_일)이서현2233 | B55: 16
A56: =IFERROR(__xludf.DUMMYFUNCTION("""COMPUTED_VALUE"""),"(개_일)이채민4087") -> (개_일)이채민4087 | B56: 16
A57: =IFERROR(__xludf.DUMMYFUNCTION("""COMPUTED_VALUE"""),"(개_일)임도경5128") -> (개_일)임도경5128 | B57: 16
A58: =IFERROR(__xludf.DUMMYFUNCTION("""COMPUTED_VALUE"""),"(개_일)장시연4755") -> (개_일)장시연4755 | B58: 16
A59: =IFERROR(__xludf.DUMMYFUNCTION("""COMPUTED_VALUE"""),"(개_일)최서윤0998") -> (개_일)최서윤0998 | B59: 16
A60: =IFERROR(__xludf.DUMMYFUNCTION("""COMPUTED_VALUE"""),"(개_일)최정원3665") -> (개_일)최정원3665 | B60: 16
A61: =IFERROR(__xludf.DUMMYFUNCTION("""COMPUTED_VALUE"""),"(개_일)한지수9044") -> (개_일)한지수9044 | B61: 16
A62: =IFERROR(__xludf.DUMMYFUNCTION("""COMPUTED_VALUE"""),"(교)김가은7178") -> (교)김가은7178 | B62: 16
A63: =IFERROR(__xludf.DUMMYFUNCTION("""COMPUTED_VALUE"""),"(교)김보민5769") -> (교)김보민5769 | B63: 16
A64: =IFERROR(__xludf.DUMMYFUNCTION("""COMPUTED_VALUE"""),"(교)송수빈5337") -> (교)송수빈5337 | B64: 16
A65: =IFERROR(__xludf.DUMMYFUNCTION("""COMPUTED_VALUE"""),"(교)신유정7566") -> (교)신유정7566 | B65: 16
A66: =IFERROR(__xludf.DUMMYFUNCTION("""COMPUTED_VALUE"""),"(교)양진서5080") -> (교)양진서5080 | B66: 16
A67: =IFERROR(__xludf.DUMMYFUNCTION("""COMPUTED_VALUE"""),"(교)윤다연9207") -> (교)윤다연9207 | B67: 16
A68: =IFERROR(__xludf.DUMMYFUNCTION("""COMPUTED_VALUE"""),"(교)이지우0221") -> (교)이지우0221 | B68: 16
A69: =IFERROR(__xludf.DUMMYFUNCTION("""COMPUTED_VALUE"""),"(교)조희수6471") -> (교)조희수6471 | B69: 16
A70: =IFERROR(__xludf.DUMMYFUNCTION("""COMPUTED_VALUE"""),"(교)차소정4052") -> (교)차소정4052 | B70: 16
A71: =IFERROR(__xludf.DUMMYFUNCTION("""COMPUTED_VALUE"""),"(교)최수민4879") -> (교)최수민4879 | B71: 16
A72: =IFERROR(__xludf.DUMMYFUNCTION("""COMPUTED_VALUE"""),"(교)최지우7723") -> (교)최지우7723 | B72: 16
A73: =IFERROR(__xludf.DUMMYFUNCTION("""COMPUTED_VALUE"""),"(교)한유진8417") -> (교)한유진8417 | B73: 16
A74: =IFERROR(__xludf.DUMMYFUNCTION("""COMPUTED_VALUE"""),"(교)홍석채2964") -> (교)홍석채2964 | B74: 16
A75: =IFERROR(__xludf.DUMMYFUNCTION("""COMPUTED_VALUE"""),"(명)고유진4984") -> (명)고유진4984 | B75: 16
A76: =IFERROR(__xludf.DUMMYFUNCTION("""COMPUTED_VALUE"""),"(명)김건5586") -> (명)김건5586 | B76: 16
A77: =IFERROR(__xludf.DUMMYFUNCTION("""COMPUTED_VALUE"""),"(명)이영석8582") -> (명)이영석8582 | B77: 16
A78: =IFERROR(__xludf.DUMMYFUNCTION("""COMPUTED_VALUE"""),"(명)이준형9016") -> (명)이준형9016 | B78: 16
A79: =IFERROR(__xludf.DUMMYFUNCTION("""COMPUTED_VALUE"""),"(베)곽나영8302") -> (베)곽나영8302 | B79: 16
A80: =IFERROR(__xludf.DUMMYFUNCTION("""COMPUTED_VALUE"""),"(베)권소연2604") -> (베)권소연2604 | B80: 16
A81: =IFERROR(__xludf.DUMMYFUNCTION("""COMPUTED_VALUE"""),"(베)김민정8809") -> (베)김민정8809 | B81: 16
A82: =IFERROR(__xludf.DUMMYFUNCTION("""COMPUTED_VALUE"""),"(베)김서영4149") -> (베)김서영4149 | B82: 16
A83: =IFERROR(__xludf.DUMMYFUNCTION("""COMPUTED_VALUE"""),"(베)김아현2812") -> (베)김아현2812 | B83: 14
A84: =IFERROR(__xludf.DUMMYFUNCTION("""COMPUTED_VALUE"""),"(베)서은서7111") -> (베)서은서7111 | B84: 16
A85: =IFERROR(__xludf.DUMMYFUNCTION("""COMPUTED_VALUE"""),"(베)심서현0910") -> (베)심서현0910 | B85: 14
A86: =IFERROR(__xludf.DUMMYFUNCTION("""COMPUTED_VALUE"""),"(베)양세희5603") -> (베)양세희5603 | B86: 16
A87: =IFERROR(__xludf.DUMMYFUNCTION("""COMPUTED_VALUE"""),"(베)오윤서6143") -> (베)오윤서6143 | B87: 16
A88: =IFERROR(__xludf.DUMMYFUNCTION("""COMPUTED_VALUE"""),"(베)유지현2373") -> (베)유지현2373 | B88: 16
A89: =IFERROR(__xludf.DUMMYFUNCTION("""COMPUTED_VALUE"""),"(베)윤지윤8166") -> (베)윤지윤8166 | B89: 16
A90: =IFERROR(__xludf.DUMMYFUNCTION("""COMPUTED_VALUE"""),"(베)윤채은5226") -> (베)윤채은5226 | B90: 16
A91: =IFERROR(__xludf.DUMMYFUNCTION("""COMPUTED_VALUE"""),"(베)이서은7948") -> (베)이서은7948 | B91: 16
A92: =IFERROR(__xludf.DUMMYFUNCTION("""COMPUTED_VALUE"""),"(베)이수빈1704") -> (베)이수빈1704 | B92: 16
A93: =IFERROR(__xludf.DUMMYFUNCTION("""COMPUTED_VALUE"""),"(베)이승아1688") -> (베)이승아1688 | B93: 16
A94: =IFERROR(__xludf.DUMMYFUNCTION("""COMPUTED_VALUE"""),"(베)이윤이4965") -> (베)이윤이4965 | B94: 16
A95: =IFERROR(__xludf.DUMMYFUNCTION("""COMPUTED_VALUE"""),"(베)이채린9683") -> (베)이채린9683 | B95: 16
A96: =IFERROR(__xludf.DUMMYFUNCTION("""COMPUTED_VALUE"""),"(베)임유민6477") -> (베)임유민6477 | B96: 16
A97: =IFERROR(__xludf.DUMMYFUNCTION("""COMPUTED_VALUE"""),"(베)장미소0730") -> (베)장미소0730 | B97: 16
A98: =IFERROR(__xludf.DUMMYFUNCTION("""COMPUTED_VALUE"""),"(베)정다은4727") -> (베)정다은4727 | B98: 16
A99: =IFERROR(__xludf.DUMMYFUNCTION("""COMPUTED_VALUE"""),"(베)정서진9562") -> (베)정서진9562 | B99: 16
A100: =IFERROR(__xludf.DUMMYFUNCTION("""COMPUTED_VALUE"""),"(베)정예음8008") -> (베)정예음8008 | B100: 16
...

Sheet 일괄배부입력
A1: 요청ID | B1: 배부일 | C1: 반명 | D1: 배부장소 | E1: 학생당수량 | F1: 총대상학생수 | G1: 총배부수량 | H1: 실행상태 | I1: 담당자 | J1: 메모
A2: BULK-0001 | E2: 1 | F2: =COUNTIF('학생반배정'!$C:$C,C2) -> 0 | G2: =E2*F2 -> 0 | H2: 입력
A3: BULK-0002 | E3: 1 | F3: =COUNTIF('학생반배정'!$C:$C,C3) -> 0 | G3: =E3*F3 -> 0 | H3: 입력
A4: BULK-0003 | E4: 1 | F4: =COUNTIF('학생반배정'!$C:$C,C4) -> 0 | G4: =E4*F4 -> 0 | H4: 입력
A5: BULK-0004 | E5: 1 | F5: =COUNTIF('학생반배정'!$C:$C,C5) -> 0 | G5: =E5*F5 -> 0 | H5: 입력
A6: BULK-0005 | E6: 1 | F6: =COUNTIF('학생반배정'!$C:$C,C6) -> 0 | G6: =E6*F6 -> 0 | H6: 입력
A7: BULK-0006 | E7: 1 | F7: =COUNTIF('학생반배정'!$C:$C,C7) -> 0 | G7: =E7*F7 -> 0 | H7: 입력
A8: BULK-0007 | E8: 1 | F8: =COUNTIF('학생반배정'!$C:$C,C8) -> 0 | G8: =E8*F8 -> 0 | H8: 입력
A9: BULK-0008 | E9: 1 | F9: =COUNTIF('학생반배정'!$C:$C,C9) -> 0 | G9: =E9*F9 -> 0 | H9: 입력
A10: BULK-0009 | E10: 1 | F10: =COUNTIF('학생반배정'!$C:$C,C10) -> 0 | G10: =E10*F10 -> 0 | H10: 입력
A11: BULK-0010 | E11: 1 | F11: =COUNTIF('학생반배정'!$C:$C,C11) -> 0 | G11: =E11*F11 -> 0 | H11: 입력
A12: BULK-0011 | E12: 1 | F12: =COUNTIF('학생반배정'!$C:$C,C12) -> 0 | G12: =E12*F12 -> 0 | H12: 입력
A13: BULK-0012 | E13: 1 | F13: =COUNTIF('학생반배정'!$C:$C,C13) -> 0 | G13: =E13*F13 -> 0 | H13: 입력
... A51: BULK-0050 | E51: 1 | F51: =COUNTIF('학생반배정'!$C:$C,C51) -> 0 | G51: =E51*F51 -> 0 | H51: 입력
A52: 925f6c41 | C52: (목) 301호 생명D 강원휘(13시20분) | E52: 1 | F52: =COUNTIF('학생반배정'!$C:$C,C52) -> 0 | G52: =E52*F52 -> 0
A53: 9041d187 | C53: (목) 301호 생명D 강원휘(13시20분) | E53: 1 | F53: =COUNTIF('학생반배정'!$C:$C,C53) -> 0 | G53: =E53*F53 -> 0
A54: c32265da | C54: (화) 702호 화작 임현호(09시20분) | E54: 1 | F54: =COUNTIF('학생반배정'!$C:$C,C54) -> 0 | G54: =E54*F54 -> 0
A55: 0d97b756 | C55: 정규(토)801B 영어 김희준 | E55: 1 | F55: =COUNTIF('학생반배정'!$C:$C,C55) -> 0 | G55: =E55*F55 -> 0
A56: ac779614 | C56: (목) 301호 생명C 강원휘(08시) | E56: 1 | F56: =COUNTIF('학생반배정'!$C:$C,C56) -> 0 | G56: =E56*F56 -> 0
A57: 85a3d91e | C57: (목) 301호 생명C 강원휘(08시) | E57: 1 | F57: =COUNTIF('학생반배정'!$C:$C,C57) -> 0 | G57: =E57*F57 -> 0
A58: 114123b8 | C58: (목) 301호 생명C 강원휘(08시) | E58: 1 | F58: =COUNTIF('학생반배정'!$C:$C,C58) -> 0 | G58: =E58*F58 -> 0
A59: ebbe7ceb | C59: 정규(수)702A 국어 백종수 | E59: 1 | F59: =COUNTIF('학생반배정'!$C:$C,C59) -> 0 | G59: =E59*F59 -> 0
A60: fb506369 | C60: (목) 302호 지학B 장병선(08시) | E60: 1 | F60: =COUNTIF('학생반배정'!$C:$C,C60) -> 0 | G60: =E60*F60 -> 0
A61: 37632d1a | E61: 1 | F61: =COUNTIF('학생반배정'!$C:$C,C61) -> 0 | G61: =E61*F61 -> 0
A62: dabed81c | C62: (목) 403호 동사 신인섭(08시) | E62: 1 | F62: =COUNTIF('학생반배정'!$C:$C,C62) -> 0 | G62: =E62*F62 -> 0
A63: f9751b90 | B63: 46104 | C63: (목) 301호 생명D 강원휘(13시20분) | D63: 4층지원실 | E63: 1 | F63: =COUNTIF('학생반배정'!$C:$C,C63) -> 0 | G63: =E63*F63 -> 0
A64: 9a61eaaf | B64: 46107 | C64: (목) 703호 화작 임현호(08시) | D64: 창고 | E64: 1 | F64: =COUNTIF('학생반배정'!$C:$C,C64) -> 0 | G64: =E64*F64 -> 0
A65: 7cd24e6d | B65: 46107 | C65: (목) 703호 화작 김종훈(09시20분) | D65: 4층지원실 | E65: 1 | F65: =COUNTIF('학생반배정'!$C:$C,C65) -> 0 | G65: =E65*F65 -> 0
A66: f80d5c02 | B66: 46109 | C66: (목) 별관지하 세지A 이승국(08시) | D66: 창고 | E66: 1 | F66: =COUNTIF('학생반배정'!$C:$C,C66) -> 0 | G66: =E66*F66 -> 0
A67: 3689c8c8 | B67: 46107 | C67: (화) 301호 생명B 강원휘(13시20분) | D67: 창고 | E67: 1 | F67: =COUNTIF('학생반배정'!$C:$C,C67) -> 0 | G67: =E67*F67 -> 0
A68: 3e8d482a | B68: 46107 | C68: (화) 301호 생명B 강원휘(13시20분) | D68: 창고 | E68: 1 | F68: =COUNTIF('학생반배정'!$C:$C,C68) -> 0 | G68: =E68*F68 -> 0
A69: 0ddc0de3 | B69: 46112 | C69: (목) 302호 지학B 장병선(08시) | D69: 창고 | E69: 1 | F69: =COUNTIF('학생반배정'!$C:$C,C69) -> 0 | G69: =E69*F69 -> 0
A70: be289ba0 | B70: 46114 | C70: 국매깨 2-5 | D70: 창고 | E70: 1 | F70: =COUNTIF('학생반배정'!$C:$C,C70) -> 0 | G70: =E70*F70 -> 0
A71: 1a52f941 | B71: 46114 | C71: 국매깨 2-5 | D71: 창고 | E71: 1 | F71: =COUNTIF('학생반배정'!$C:$C,C71) -> 0 | G71: =E71*F71 -> 0
A72: 48af2596 | B72: 46114 | C72: 국매깨 2-5 | D72: 창고 | E72: 1 | F72: =COUNTIF('학생반배정'!$C:$C,C72) -> 0 | G72: =E72*F72 -> 0
A73: 81632263 | B73: 46114 | C73: 국매깨 2-5 | D73: 창고 | E73: 1 | F73: =COUNTIF('학생반배정'!$C:$C,C73) -> 0 | G73: =E73*F73 -> 0
A74: 71a70a33 | B74: 46114 | C74: 국매깨 2-6 | D74: 창고 | E74: 1 | F74: =COUNTIF('학생반배정'!$C:$C,C74) -> 0 | G74: =E74*F74 -> 0
... A85: c8acbe28 | B85: 46119 | C85: TEST 교재1 | D85: 창고 | E85: 1 | F85: =COUNTIF('학생반배정'!$C:$C,C85) -> 4 | G85: =E85*F85 -> 4
A86: ea8fa128 | B86: 46121 | C86: TEST 교재1 | D86: 창고 | E86: 1 | F86: 4 | G86: 4
A87: d8e8e420 | B87: 46121 | C87: TEST 교재1 | D87: 창고 | E87: 1 | F87: =COUNTIF('학생반배정'!$C:$C,C87) -> 4 | G87: =E87*F87 -> 4
A88: d91f1853 | B88: 46123 | C88: (국매깨) 10주차 | D88: 창고 | E88: 1 | F88: =COUNTIF('학생반배정'!$C:$C,C88) -> 656 | G88: =E88*F88 -> 656
A89: 13d59257 | B89: 46123 | C89: (수매깨8주차) J | D89: 창고 | E89: 1 | F89: =COUNTIF('학생반배정'!$C:$C,C89) -> 58 | G89: =E89*F89 -> 58
A90: 7c501a4f | B90: 46123 | C90: (수매깨8주차) M | D90: 창고 | E90: 1 | F90: =COUNTIF('학생반배정'!$C:$C,C90) -> 118 | G90: =E90*F90 -> 118
A91: 5628314c | B91: 46124 | C91: (수매깨8주차) Q | D91: 창고 | E91: 1 | F91: =COUNTIF('학생반배정'!$C:$C,C91) -> 179 | G91: =E91*F91 -> 179
A92: a71eba56 | B92: 46124 | C92: (수매깨8주차) S | D92: 창고 | E92: 1 | F92: =COUNTIF('학생반배정'!$C:$C,C92) -> 129 | G92: =E92*F92 -> 129
A93: 5b3df237 | B93: 46124 | C93: (수매깨8주차) T | D93: 창고 | E93: 1 | F93: =COUNTIF('학생반배정'!$C:$C,C93) -> 172 | G93: =E93*F93 -> 172
A94: f51eab11 | B94: 46124 | C94: (지종규) LIP_Reading | D94: 창고 | E94: 1 | F94: =COUNTIF('학생반배정'!$C:$C,C94) -> 177 | G94: =E94*F94 -> 177
A95: 0a680b79 | B95: 46125 | C95: TEST 교재1 | D95: 창고 | E95: 1 | F95: =COUNTIF('학생반배정'!$C:$C,C95) -> 4 | G95: =E95*F95 -> 4
A96: 87ac9563 | B96: 46126 | C96: (강성욱) 사회문화 | D96: 창고 | E96: 1 | F96: =COUNTIF('학생반배정'!$C:$C,C96) -> 128 | G96: =E96*F96 -> 128
A97: 7bd80147 | B97: 46126 | C97: (강성욱) 사회문화 | D97: 창고 | E97: 1 | F97: =COUNTIF('학생반배정'!$C:$C,C97) -> 128 | G97: =E97*F97 -> 128
A98: 6ac44e18 | B98: 46126 | C98: (강성욱) 정치와 법 | D98: 창고 | E98: 1 | F98: =COUNTIF('학생반배정'!$C:$C,C98) -> 25 | G98: =E98*F98 -> 25
... A109: 59a5252f | B109: 46126 | C109: (국어선택) 화법과작문 | D109: 창고 | E109: 1 | F109: =COUNTIF('학생반배정'!$C:$C,C109) -> 467 | G109: =E109*F109 -> 467

Sheet 장소마스터
A1: 장소명
A2: 창고
A3: 4층지원실
A4: 8층지원실

Sheet 개별배부입력
A1: 요청ID | B1: 배부일 | C1: 학생명 | D1: 배부반 | E1: 배부장소 | F1: 현재반 | G1: 수량 | H1: 특이사항여부 | I1: 특이사항유형 | J1: 특이사항내용 | K1: 담당자
A2: IND-0001 | G2: 1 | H2: N
A3: IND-0002 | G3: 1 | H3: N
A4: IND-0003 | G4: 1 | H4: N
A5: IND-0004 | G5: 1 | H5: N
A6: IND-0005 | G6: 1 | H6: N
A7: IND-0006 | G7: 1 | H7: N
A8: IND-0007 | G8: 1 | H8: N
A9: IND-0008 | G9: 1 | H9: N
A10: IND-0009 | G10: 1 | H10: N
A11: IND-0010 | G11: 1 | H11: N
A12: IND-0011 | G12: 1 | H12: N
A13: IND-0012 | G13: 1 | H13: N
... A101: IND-0100 | G101: 1 | H101: N
A102: 4a9a6a16 | B102: 46106 | C102: (개_일)김유진2847 | F102: (목) 502호 사문E 장진민(13시20분) | G102: 1 | H102: Y | I102: 추가지급 | J102: 반변경 | K102: 김지유
A103: 2cf47c6d | B103: 46103 | C103: (선5)이재선5347 | D103: (화) 302호 지학A 장병선(08시) | F103: (목) 502호 사문E 장진민(13시20분) | G103: 1 | H103: Y | I103: 분실
A104: 94421a0e | B104: 46106 | C104: (선5)이재선5347 | D104: (목) 502호 사문D 장진민(08시) | F104: (목) 502호 사문E 장진민(13시20분) | G104: 1 | H104: N
A105: 2b7683ea | B105: 46106 | C105: (선5)이재선5347 | D105: (목) 501호 언매 임현호(13시20분) | F105: (목) 301호 생명D 강원휘(13시20분) | G105: 1 | H105: Y | I105: 재배부
A106: 069b5d32 | B106: 46106 | C106: 문아라4000 | F106: (목) 301호 생명D 강원휘(13시20분) | G106: 1 | H106: Y | I106: 반이동후추가지급
A107: 046322dc | B107: 46106 | C107: 문아라4000 | D107: (화) 별관302호 사문B 강성욱(13시20분) | F107: (목) 301호 생명D 강원휘(13시20분) | G107: 1 | H107: N
A108: fa41e16c | B108: 46106 | C108: (선5)이재선5347 | D108: (화) 302호 지학A 장병선(08시) | F108: (목) 301호 생명D 강원휘(13시20분) | G108: 1 | H108: Y | I108: 분실
A109: 7413f435 | B109: 46106 | C109: 문아라4000 | D109: (목) 501호 언매 김종훈(08시) | F109: (목) 301호 생명D 강원휘(13시20분) | G109: 1 | H109: N
A110: f6ba729b | B110: 46106 | C110: 문아라4000 | D110: (목) 501호 언매 김종훈(08시) | F110: (목) 301호 생명D 강원휘(13시20분) | G110: 1 | H110: Y | I110: 오배부
A111: 8b12d83a | B111: 46106 | C111: 문아라4000 | D111: (목) 별관201 생윤E 한진구(13시20분) | F111: (목) 301호 생명D 강원휘(13시20분) | G111: 1 | H111: Y | I111: 분실
A112: fb0363ac | B112: 46106 | C112: 문아라4000 | D112: 정규(월금)703B 확통 이민호B(수매M) | F112: (목) 301호 생명D 강원휘(13시20분) | G112: 1 | H112: Y | I112: 분실
A113: a0643500 | B113: 46105 | C113: (선5)장은수1716 | D113: (목) 702호 화작 백종수(09시20분) | F113: (목) 301호 생명D 강원휘(13시20분) | G113: 1 | H113: N
A114: 42a056cb | B114: 46099 | C114: 김정환6242 | D114: 정규(월금)801B 미적 전종현(수매Q) | F114: (목) 301호 생명D 강원휘(13시20분) | G114: 1 | H114: N
A115: 56feaf66 | B115: 46101 | C115: 김정환6242 | F115: (목) 301호 생명D 강원휘(13시20분) | G115: 1 | H115: Y | I115: 추가지급
A116: b4b87259 | B116: 46107 | C116: 문아라4000 | D116: (목) 501호 언매 김종훈(08시) | F116: (목) 301호 생명D 강원휘(13시20분) | G116: 1 | H116: Y | I116: 분실 | K116: 김지유
A117: 9b9194d3 | B117: 46107 | C117: 문아라4000 | D117: 정규(수)902A 국어 김종훈 | F117: (목) 301호 생명D 강원휘(13시20분) | G117: 1 | H117: Y | I117: 분실 | J117: 분실 | K117: 김지유
A118: 5c7bbd49 | B118: 46113 | C118: 문아라4000 | D118: (목) 501호 언매 김종훈(08시) | F118: (목) 301호 생명D 강원휘(13시20분) | G118: 1 | H118: Y | I118: 오배부
A119: 6d5ad127 | B119: 46107 | C119: (5)강연웅2804 | D119: (목) 301호 생명D 강원휘(13시20분) | E119: 창고 | F119: (목) 301호 생명D 강원휘(13시20분) | G119: 1 | H119: Y | I119: 추가지급 | K119: 김지유
A120: 0aadd816 | B120: 46107 | C120: (5)강연웅2804 | D120: (목) 501호 언매 김종훈(08시) | E120: 창고 | F120: (목) 301호 생명D 강원휘(13시20분) | G120: 1 | H120: Y | I120: 재배부 | K120: ㅇㅇㅇ
A121: be67aa9d | B121: 46083 | C121: (5)강연웅2804 | D121: (목) 301호 생명D 강원휘(13시20분) | E121: 창고 | F121: (목) 301호 생명D 강원휘(13시20분) | G121: 1 | H121: Y | I121: 분실 | K121: 김지유
A122: a3aabd16 | B122: 46107 | C122: 김민서2753 | D122: (목) 501호 언매 임현호(13시20분) | E122: 창고 | F122: (목) 301호 생명D 강원휘(13시20분) | G122: 1 | H122: Y | I122: 분실 | K122: 김대열
A123: b9080dab | B123: 46100 | C123: (개_5)김민준5243 | D123: (목) 303호 정법 강성욱(13시20분) | E123: 창고 | F123: (목) 301호 생명D 강원휘(13시20분) | G123: 1 | H123: Y | I123: 분실 | K123: 최연순
A124: 43ea4f17 | B124: 46107 | C124: (5)고강민8799 | D124: 정규(월금)701A 미적 이민호A(수매Q) | E124: 4층지원실 | F124: (목) 301호 생명D 강원휘(13시20분) | G124: 1 | H124: Y | I124: 재배부 | K124: 2
A125: 227c72fd | B125: 46114 | C125: (5)강연웅2804 | D125: 국매깨 2-5 | E125: 4층지원실 | F125: 국매깨 2-5 | G125: 1 | H125: Y | I125: 기타 | J125: 오후등원 | K125: 엄선훈
A126: 74695eab | B126: 46114 | C126: (5)강유찬8685 | D126: 정규(월금)603B 미적 김학림(수매T) | E126: 창고 | F126: 정규(월금)603B 미적 김학림(수매T) | G126: 1 | H126: Y | I126: 기타 | J126: ㅁㅇㄹ | K126: ㅇㅅㅎ
A127: 6c56ce4e | B127: 46114 | C127: 강태우7482 | D127: 수매깨 Q 1-1 | E127: 창고 | F127: 수매깨 Q 1-1 | G127: 1 | H127: Y | I127: 분실 | J127: 분실 | K127: 엄선훈
A128: 6df747c8 | B128: 46115 | C128: 황수현6530 | D128: 세타 수2 | E128: 창고 | F128: 세타 수2 | G128: 1 | H128: Y | I128: 기타 | J128: 신규 | K128: ㅇㅅㅎ
A129: cdcf5944 | B129: 46115 | C129: 김지유 | D129: 수매깨 김지유 테스트 | F129: 수매깨 김지유 테스트 | G129: 1 | H129: Y | I129: 기타 | J129: 테스트 | K129: 박상언
A130: 39e22cc2 | B130: 46115 | C130: 김지유 | D130: 국매깨 김지유 테스트 | E130: 창고 | F130: 국매깨 김지유 테스트 | G130: 1 | H130: Y | I130: 기타 | J130: 테스트 | K130: 박상언 테스트
A131: 48dad186 | B131: 46115 | C131: 박상언 | D131: 국매깨2-4 박상언 테스트 | E131: 8층지원실 | F131: 국매깨2-4 박상언 테스트 | G131: 1 | H131: Y | I131: 기타 | J131: 입학 | K131: 박상언
A132: 5aa808ef | B132: 46115 | C132: 박상언 | D132: 국어1 박상언 테스트 | E132: 창고 | F132: 국어1 박상언 테스트 | G132: 2 | H132: Y | I132: 기타 | J132: 테스트 | K132: 박상언
A133: 3ecbd1e7 | B133: 46115 | C133: 박상언 | D133: 사회문화1 박상언 테스트 | E133: 창고 | F133: 사회문화1 박상언 테스트 | G133: 1 | H133: Y | I133: 기타 | J133: 테스트 | K133: 박상언
A134: 0e3f8475 | B134: 46115 | C134: 박상언 | D134: 수학1 박상언 테스트 | E134: 창고 | F134: 수학1 박상언 테스트 | G134: 1 | H134: Y | I134: 기타 | J134: 테스트 | K134: 박상언
A135: b6180f29 | B135: 46115 | C135: (5)강유찬8685 | D135: 정규(수)701A 영어 김희준 | E135: 창고 | F135: 정규(수)701A 영어 김희준 | G135: 1 | H135: Y | I135: 기타 | J135: 신규 | K135: ㅇㅅㅎ
A136: 3ffbaf8d | B136: 46116 | C136: 조상혁0315 | D136: (국어선택) 화법과작문 | E136: 창고 | F136: (국어선택) 화법과작문 | G136: 1 | H136: Y | I136: 기타 | J136: 신규 | K136: 김대열
A137: b299b7c2 | B137: 46116 | C137: 조상혁0315 | D137: (김학림전종현) 쎄타_미적E수업 | E137: 창고 | F137: (김학림전종현) 쎄타_미적E수업 | G137: 1 | H137: Y | I137: 기타 | J137: 신규 | K137: 김대열
A138: 56999143 | B138: 46116 | C138: 조상혁0315 | D138: (국어선택) 화법과작문 | E138: 창고 | F138: (국어선택) 화법과작문 | G138: 1 | H138: Y | I138: 기타 | J138: 신규 | K138: 김대열
A139: 76abda8d | B139: 46116 | C139: 조상혁0315 | D139: (김학림전종현) 쎄타_미적E수업 | E139: 창고 | F139: (김학림전종현) 쎄타_미적E수업 | G139: 1 | H139: Y | I139: 기타 | J139: 신규 | K139: 김대열
A140: 6abccf56 | B140: 46116 | C140: 조상혁0315 | D140: (김학림전종현) 쎄타_미적E피드백 | E140: 창고 | F140: (김학림전종현) 쎄타_미적E피드백 | G140: 1 | H140: Y | I140: 기타 | J140: 신규 | K140: 김대열
A141: bdb28379 | B141: 46116 | C141: 조상혁0315 | D141: (김학림전종현) 쎄타_수2E수업 | E141: 창고 | F141: (김학림전종현) 쎄타_수2E수업 | G141: 1 | H141: Y | I141: 기타 | J141: 신규 | K141: 김대열
... A173: de69d337 | B173: 46116 | C173: 이지훈8700 | D173: (고낙기) 화학 | E173: 창고 | F173: (고낙기) 화학 | G173: 1 | H173: Y | I173: 기타 | J173: 신규 | K173: 김대열
A174: 03d43c53 | B174: 46116 | C174: 이지훈8700 | D174: (국어선택) 화법과작문 | F174: (국어선택) 화법과작문 | G174: 1 | H174: Y | I174: 기타 | J174: 신규 | K174: 김대열
A175: 08135c08 | B175: 46116 | C175: 이지훈8700 | D175: (김학림전종현) 쎄타_미적E수업 | E175: 창고 | F175: (김학림전종현) 쎄타_미적E수업 | G175: 1 | H175: Y | I175: 기타 | J175: 신규 | K175: 김대열
A176: 3324ecbc | B176: 46116 | C176: 이지훈8700 | D176: (김학림전종현) 쎄타_미적E피드백 | E176: 창고 | F176: (김학림전종현) 쎄타_미적E피드백 | G176: 1 | H176: Y | I176: 기타 | J176: 신규 | K176: 김대열
A177: 57b47a63 | B177: 46116 | C177: 이지훈8700 | D177: (김학림전종현) 쎄타_수2E수업 | E177: 창고 | F177: (김학림전종현) 쎄타_수2E수업 | G177: 1 | H177: Y | I177: 기타 | J177: 신규 | K177: 김대열
A178: f1880221 | B178: 46116 | C178: 이지훈8700 | D178: (김학림전종현) 쎄타_수2E피드백 | E178: 창고 | F178: (김학림전종현) 쎄타_수2E피드백 | G178: 1 | H178: Y | I178: 기타 | J178: 신규 | K178: 김대열
A179: 346101ce | B179: 46116 | C179: 이지훈8700 | D179: (장진민) 사회문화 | E179: 창고 | F179: (장진민) 사회문화 | G179: 1 | H179: Y | I179: 기타 | J179: 신규 | K179: 김대열
A180: cad48b8e | B180: 46116 | C180: 성주연7429 | D180: (국어선택) 화법과작문 | E180: 창고 | F180: (국어선택) 화법과작문 | G180: 1 | H180: Y | I180: 기타 | J180: 신규 | K180: 김대열
A181: c8b99509 | B181: 46116 | C181: 성주연7429 | D181: (신현철) 메멘토_미적(수업) | E181: 창고 | F181: (신현철) 메멘토_미적(수업) | G181: 1 | H181: Y | I181: 기타 | J181: 신규 | K181: 김대열
A182: 325eb0b1 | B182: 46116 | C182: 성주연7429 | D182: (신현철) 메멘토_미적(피드백) | E182: 창고 | F182: (신현철) 메멘토_미적(피드백) | G182: 1 | H182: Y | I182: 기타 | J182: 신규 | K182: 김대열
A183: aa488f93 | B183: 46116 | C183: 성주연7429 | D183: (신현철) 메멘토_수2(수업) | E183: 창고 | F183: (신현철) 메멘토_수2(수업) | G183: 1 | H183: Y | I183: 기타 | J183: 신규 | K183: 김대열
A184: 095772ab | B184: 46116 | C184: 성주연7429 | D184: (신현철) 메멘토_수2(피드백) | E184: 창고 | F184: (신현철) 메멘토_수2(피드백) | G184: 1 | H184: Y | I184: 기타 | J184: 신규 | K184: 김대열
A185: 1c72be25 | B185: 46116 | C185: 성주연7429 | D185: (최성주) 사회문화 | E185: 창고 | F185: (최성주) 사회문화 | G185: 1 | H185: Y | I185: 기타 | J185: 신규 | K185: 김대열
A186: 26b9e2ca | B186: 46116 | C186: 성주연7429 | D186: (한진구) 생활과 윤리 | E186: 창고 | F186: (한진구) 생활과 윤리 | G186: 1 | H186: Y | I186: 기타 | J186: 신규 | K186: 김대열
... A283: 2c0a4986 | B283: 46118 | C283: (아)황예나0608 | D283: (영매깨) 1학기 | E283: 창고 | F283: (영매깨) 1학기 | G283: 1 | H283: Y | I283: 기타 | J283: 신규 | K283: 김대열
A284: ee8fa780 | B284: 46118 | C284: 이지석3484 | D284: (영매깨) 1학기 | E284: 창고 | F284: (영매깨) 1학기 | G284: 1 | H284: Y | I284: 추가지급 | K284: 김대열
A285: 6e39597b | B285: 46118 | C285: 남유주5622 | D285: (국매깨) 9주차 | E285: 창고 | F285: (국매깨) 9주차 | G285: 1 | H285: Y | I285: 기타 | J285: 신규 | K285: 김대열
A286: 173e8bef | B286: 46118 | C286: 남유주5622 | D286: (김학림전종현) 쎄타_수2M수업 | E286: 창고 | F286: (김학림전종현) 쎄타_수2M수업 | G286: 1 | H286: Y | I286: 기타 | J286: 신규 | K286: 김대열
A287: af94004f | B287: 46118 | C287: 남유주5622 | D287: (김학림전종현) 쎄타_수2M피드백 | E287: 창고 | F287: (김학림전종현) 쎄타_수2M피드백 | G287: 1 | H287: Y | I287: 기타 | J287: 신규 | K287: 김대열
A288: a80b37df | B288: 46118 | C288: 남유주5622 | D288: (김학림전종현) 쎄타_확통M수업 | E288: 창고 | F288: (김학림전종현) 쎄타_확통M수업 | G288: 1 | H288: Y | I288: 기타 | J288: 신규 | K288: 김대열
A289: d922c78f | B289: 46118 | C289: 남유주5622 | D289: (김학림전종현) 쎄타_확통M피드백 | E289: 창고 | F289: (김학림전종현) 쎄타_확통M피드백 | G289: 1 | H289: Y | I289: 기타 | J289: 신규 | K289: 김대열
A290: 74c6ab01 | B290: 46118 | C290: 남유주5622 | D290: (수매깨7주차) M | E290: 창고 | F290: (수매깨7주차) M | G290: 1 | H290: Y | I290: 기타 | J290: 신규 | K290: 김대열
A291: 4c86ca27 | B291: 46118 | C291: 남유주5622 | D291: (장진민) 생활과 윤리 | E291: 창고 | F291: (장진민) 생활과 윤리 | G291: 1 | H291: Y | I291: 기타 | J291: 신규 | K291: 김대열
A292: 916c4679 | B292: 46119 | C292: (5)강연웅2804 | D292: (강원휘) 생명과학 , (국매깨) 9주차 , (국어선택) 언어와매체 , (김종훈) 국어다지기_독서2 , (김종훈) 국어다지기_문학2 , (김춘근김희준) pop 2 , (김춘근김희준) syntax 2 , (김학림전종현) 쎄타_미적E수업 , (김학림전종현) 쎄타_미적E피드백 , (김학림전종현) 쎄타_수2E수업 , (김학림전종현) 쎄타_수2E피드백 , (수매깨7주차) Q , (영매깨) 1학기 , (이병훈) 지구과학 | E292: 창고 | F292: (강원휘) 생명과학,(국매깨) 9주차,(국어선택) 언어와매체,(김종훈) 국어다지기_독서2,(김종훈) 국어다지기_문학2,(김춘근김희준) pop 2,(김춘근김희준) syntax 2,(김학림전종현) 쎄타_미적E수업,(김학림전종현) 쎄타_미적E피드백,(김학림전종현) 쎄타_수2E수업,(김학림전종현) 쎄타_수2E피드백,(수매깨7주차) Q,(영매깨) 1학기,(이병훈) 지구과학 | G292: 1 | H292: Y | I292: 신규 | K292: 김지유
A293: a84f023d | B293: 46119 | C293: (5)강유찬8685 | D293: (강성욱) 사회문화 , (국매깨) 9주차 , (국어선택) 화법과작문 | E293: 창고 | F293: (강성욱) 사회문화,(국매깨) 9주차,(국어선택) 화법과작문 | G293: 1 | H293: Y | I293: 기타 | J293: 테스트 | K293: 김대열
A294: 7de46bac | B294: 46119 | C294: (5)강연웅2804 | D294: (강원휘) 생명과학 | E294: 창고 | F294: (강원휘) 생명과학 | G294: 1 | H294: Y | I294: 신규 | K294: 김지유
A295: b336e789 | B295: 46119 | C295: (5)강연웅2804 | D295: (강원휘) 생명과학 , (국매깨) 9주차 , (국어선택) 언어와매체 , (김종훈) 국어다지기_독서2 , (김종훈) 국어다지기_문학2 , (김춘근김희준) pop 2 , (김춘근김희준) syntax 2 , (김학림전종현) 쎄타_미적E수업 , (김학림전종현) 쎄타_미적E피드백 , (김학림전종현) 쎄타_수2E수업 , (김학림전종현) 쎄타_수2E피드백 , (수매깨7주차) Q , (영매깨) 1학기 , (이병훈) 지구과학 | E295: 창고 | F295: (강원휘) 생명과학,(국매깨) 9주차,(국어선택) 언어와매체,(김종훈) 국어다지기_독서2,(김종훈) 국어다지기_문학2,(김춘근김희준) pop 2,(김춘근김희준) syntax 2,(김학림전종현) 쎄타_미적E수업,(김학림전종현) 쎄타_미적E피드백,(김학림전종현) 쎄타_수2E수업,(김학림전종현) 쎄타_수2E피드백,(수매깨7주차) Q,(영매깨) 1학기,(이병훈) 지구과학 | G295: 1 | H295: Y | I295: 재배부 | K295: 김지유
A296: 1e671c1a | B296: 46121 | C296: 엄선훈 | D296: TEST 교재1 | E296: 창고 | F296: TEST 교재1 | G296: 1 | H296: Y | I296: 신규 | K296: 엄선훈
A297: 96f0d873 | B297: 46121 | C297: (5)강연웅2804 | D297: (강원휘) 생명과학 | E297: 창고 | F297: (강원휘) 생명과학 | G297: 1 | H297: Y | I297: 분실 | K297: 김지유
A298: ae8c8460 | B298: 46123 | C298: (케)현세영7821 | D298: (임현호) 호연지기_독서2 , (임현호) 호연지기_문학2 | E298: 8층지원실 | F298: (임현호) 호연지기_독서2,(임현호) 호연지기_문학2 | G298: 1 | H298: Y | I298: 추가지급 | K298: 송호민 test (실제 배부 안함)
A299: 0219bc78 | B299: 46125 | C299: 엄선훈 | D299: TEST 교재1 | E299: 창고 | F299: TEST 교재1 | G299: 1 | H299: Y | I299: 분실 | K299: 엄선훈
A300: f3d239e6 | B300: 46126 | C300: (5)강연웅2804 | D300: (강원휘) 생명과학 | E300: 창고 | F300: (강원휘) 생명과학 | G300: 1 | H300: Y | I300: 분실 | K300: 김지유
A301: 2083e1dc | B301: 46126 | C301: (5)고강민8799 | D301: (강성욱) 사회문화 | E301: 창고 | F301: (강성욱) 사회문화 | G301: 1 | H301: Y | I301: 분실 | K301: 김지유
A302: 313fb050 | B302: 46126 | C302: (5)고강민8799 | D302: (강성욱) 사회문화 , (국매깨) 9주차 | E302: 창고 | F302: (강성욱) 사회문화,(국매깨) 9주차 | G302: 1 | H302: Y | I302: 분실 | K302: 김지유
A303: e5b2939a | B303: 46126 | C303: (5)박경동8420 | D303: (국매깨) 9주차 | E303: 창고 | F303: (국매깨) 9주차 | G303: 1 | H303: Y | I303: 추가지급 | K303: 김지유

Sheet 재원학생목록
A1: 학생id | B1: 학생명
A2: {=IF(B2:B2432<>"","STU-"&TEXT(ROW(B2:B2432),"0000"),"")} -> STU-0002 | B2: =IFERROR(__xludf.DUMMYFUNCTION("SORT(UNIQUE(FILTER('학생반배정'!B2:B2432,'학생반배정'!D2:D2432=""재원"",'학생반배정'!B2:B2432<>"""")))"),"(5)강연웅2804") -> (5)강연웅2804
A3: STU-0003 | B3: =IFERROR(__xludf.DUMMYFUNCTION("""COMPUTED_VALUE"""),"(5)강유찬8685") -> (5)강유찬8685
A4: STU-0004 | B4: =IFERROR(__xludf.DUMMYFUNCTION("""COMPUTED_VALUE"""),"(5)고강민8799") -> (5)고강민8799
A5: STU-0005 | B5: =IFERROR(__xludf.DUMMYFUNCTION("""COMPUTED_VALUE"""),"(5)김준수3824") -> (5)김준수3824
A6: STU-0006 | B6: =IFERROR(__xludf.DUMMYFUNCTION("""COMPUTED_VALUE"""),"(5)김진혁7053") -> (5)김진혁7053
A7: STU-0007 | B7: =IFERROR(__xludf.DUMMYFUNCTION("""COMPUTED_VALUE"""),"(5)문혁기2222") -> (5)문혁기2222
A8: STU-0008 | B8: =IFERROR(__xludf.DUMMYFUNCTION("""COMPUTED_VALUE"""),"(5)박경동8420") -> (5)박경동8420
A9: STU-0009 | B9: =IFERROR(__xludf.DUMMYFUNCTION("""COMPUTED_VALUE"""),"(5)방준혁8763") -> (5)방준혁8763
A10: STU-0010 | B10: =IFERROR(__xludf.DUMMYFUNCTION("""COMPUTED_VALUE"""),"(5)손찬우7814") -> (5)손찬우7814
A11: STU-0011 | B11: =IFERROR(__xludf.DUMMYFUNCTION("""COMPUTED_VALUE"""),"(5)신희건2420") -> (5)신희건2420
A12: STU-0012 | B12: =IFERROR(__xludf.DUMMYFUNCTION("""COMPUTED_VALUE"""),"(5)오승민8884") -> (5)오승민8884
A13: STU-0013 | B13: =IFERROR(__xludf.DUMMYFUNCTION("""COMPUTED_VALUE"""),"(5)유민재7079") -> (5)유민재7079
A14: STU-0014 | B14: =IFERROR(__xludf.DUMMYFUNCTION("""COMPUTED_VALUE"""),"(5)윤태웅1592") -> (5)윤태웅1592
A15: STU-0015 | B15: =IFERROR(__xludf.DUMMYFUNCTION("""COMPUTED_VALUE"""),"(5)이민욱7522") -> (5)이민욱7522
A16: STU-0016 | B16: =IFERROR(__xludf.DUMMYFUNCTION("""COMPUTED_VALUE"""),"(5)이영욱6966") -> (5)이영욱6966
A17: STU-0017 | B17: =IFERROR(__xludf.DUMMYFUNCTION("""COMPUTED_VALUE"""),"(5)이재국9609") -> (5)이재국9609
A18: STU-0018 | B18: =IFERROR(__xludf.DUMMYFUNCTION("""COMPUTED_VALUE"""),"(5)조준범0784") -> (5)조준범0784
A19: STU-0019 | B19: =IFERROR(__xludf.DUMMYFUNCTION("""COMPUTED_VALUE"""),"(5)지무경1270") -> (5)지무경1270
A20: STU-0020 | B20: =IFERROR(__xludf.DUMMYFUNCTION("""COMPUTED_VALUE"""),"(5)최민준4523") -> (5)최민준4523
A21: STU-0021 | B21: =IFERROR(__xludf.DUMMYFUNCTION("""COMPUTED_VALUE"""),"(5)하시원2339") -> (5)하시원2339
A22: STU-0022 | B22: =IFERROR(__xludf.DUMMYFUNCTION("""COMPUTED_VALUE"""),"(강)기영윤7318") -> (강)기영윤7318
A23: STU-0023 | B23: =IFERROR(__xludf.DUMMYFUNCTION("""COMPUTED_VALUE"""),"(강)김도형7747") -> (강)김도형7747
A24: STU-0024 | B24: =IFERROR(__xludf.DUMMYFUNCTION("""COMPUTED_VALUE"""),"(강)김민건8182") -> (강)김민건8182
A25: STU-0025 | B25: =IFERROR(__xludf.DUMMYFUNCTION("""COMPUTED_VALUE"""),"(강)김수홍7778") -> (강)김수홍7778
A26: STU-0026 | B26: =IFERROR(__xludf.DUMMYFUNCTION("""COMPUTED_VALUE"""),"(강)민준혁9223") -> (강)민준혁9223
A27: STU-0027 | B27: =IFERROR(__xludf.DUMMYFUNCTION("""COMPUTED_VALUE"""),"(강)박성효3234") -> (강)박성효3234
A28: STU-0028 | B28: =IFERROR(__xludf.DUMMYFUNCTION("""COMPUTED_VALUE"""),"(강)박주석8032") -> (강)박주석8032
A29: STU-0029 | B29: =IFERROR(__xludf.DUMMYFUNCTION("""COMPUTED_VALUE"""),"(강)왕효준2880") -> (강)왕효준2880
A30: STU-0030 | B30: =IFERROR(__xludf.DUMMYFUNCTION("""COMPUTED_VALUE"""),"(강)이도현1102") -> (강)이도현1102
A31: STU-0031 | B31: =IFERROR(__xludf.DUMMYFUNCTION("""COMPUTED_VALUE"""),"(강)이동건5693") -> (강)이동건5693
A32: STU-0032 | B32: =IFERROR(__xludf.DUMMYFUNCTION("""COMPUTED_VALUE"""),"(강)장윤건7351") -> (강)장윤건7351
A33: STU-0033 | B33: =IFERROR(__xludf.DUMMYFUNCTION("""COMPUTED_VALUE"""),"(개_5)김민준5243") -> (개_5)김민준5243
A34: STU-0034 | B34: =IFERROR(__xludf.DUMMYFUNCTION("""COMPUTED_VALUE"""),"(개_5)민정원9707") -> (개_5)민정원9707
A35: STU-0035 | B35: =IFERROR(__xludf.DUMMYFUNCTION("""COMPUTED_VALUE"""),"(개_5)박상현0208") -> (개_5)박상현0208
A36: STU-0036 | B36: =IFERROR(__xludf.DUMMYFUNCTION("""COMPUTED_VALUE"""),"(개_5)박시우7232") -> (개_5)박시우7232
A37: STU-0037 | B37: =IFERROR(__xludf.DUMMYFUNCTION("""COMPUTED_VALUE"""),"(개_5)방승수0714") -> (개_5)방승수0714
A38: STU-0038 | B38: =IFERROR(__xludf.DUMMYFUNCTION("""COMPUTED_VALUE"""),"(개_5)서은후1353") -> (개_5)서은후1353
A39: STU-0039 | B39: =IFERROR(__xludf.DUMMYFUNCTION("""COMPUTED_VALUE"""),"(개_5)이한결0479") -> (개_5)이한결0479
A40: STU-0040 | B40: =IFERROR(__xludf.DUMMYFUNCTION("""COMPUTED_VALUE"""),"(개_5)임건우5242") -> (개_5)임건우5242
A41: STU-0041 | B41: =IFERROR(__xludf.DUMMYFUNCTION("""COMPUTED_VALUE"""),"(개_5)임예준3266") -> (개_5)임예준3266
A42: STU-0042 | B42: =IFERROR(__xludf.DUMMYFUNCTION("""COMPUTED_VALUE"""),"(개_5)임재준4588") -> (개_5)임재준4588
A43: STU-0043 | B43: =IFERROR(__xludf.DUMMYFUNCTION("""COMPUTED_VALUE"""),"(개_5)전예준2851") -> (개_5)전예준2851
A44: STU-0044 | B44: =IFERROR(__xludf.DUMMYFUNCTION("""COMPUTED_VALUE"""),"(개_5)지우현4872") -> (개_5)지우현4872
A45: STU-0045 | B45: =IFERROR(__xludf.DUMMYFUNCTION("""COMPUTED_VALUE"""),"(개_일)고은채4346") -> (개_일)고은채4346
A46: STU-0046 | B46: =IFERROR(__xludf.DUMMYFUNCTION("""COMPUTED_VALUE"""),"(개_일)김시예0805") -> (개_일)김시예0805
A47: STU-0047 | B47: =IFERROR(__xludf.DUMMYFUNCTION("""COMPUTED_VALUE"""),"(개_일)김예담9555") -> (개_일)김예담9555
A48: STU-0048 | B48: =IFERROR(__xludf.DUMMYFUNCTION("""COMPUTED_VALUE"""),"(개_일)김온유5076") -> (개_일)김온유5076
A49: STU-0049 | B49: =IFERROR(__xludf.DUMMYFUNCTION("""COMPUTED_VALUE"""),"(개_일)김유진2847") -> (개_일)김유진2847
A50: STU-0050 | B50: =IFERROR(__xludf.DUMMYFUNCTION("""COMPUTED_VALUE"""),"(개_일)김태은3330") -> (개_일)김태은3330
A51: STU-0051 | B51: =IFERROR(__xludf.DUMMYFUNCTION("""COMPUTED_VALUE"""),"(개_일)박예영8386") -> (개_일)박예영8386
A52: STU-0052 | B52: =IFERROR(__xludf.DUMMYFUNCTION("""COMPUTED_VALUE"""),"(개_일)손여진3390") -> (개_일)손여진3390
A53: STU-0053 | B53: =IFERROR(__xludf.DUMMYFUNCTION("""COMPUTED_VALUE"""),"(개_일)양이든8316") -> (개_일)양이든8316
A54: STU-0054 | B54: =IFERROR(__xludf.DUMMYFUNCTION("""COMPUTED_VALUE"""),"(개_일)이서의7569") -> (개_일)이서의7569
A55: STU-0055 | B55: =IFERROR(__xludf.DUMMYFUNCTION("""COMPUTED_VALUE"""),"(개_일)이서현2233") -> (개_일)이서현2233
A56: STU-0056 | B56: =IFERROR(__xludf.DUMMYFUNCTION("""COMPUTED_VALUE"""),"(개_일)이채민4087") -> (개_일)이채민4087
A57: STU-0057 | B57: =IFERROR(__xludf.DUMMYFUNCTION("""COMPUTED_VALUE"""),"(개_일)임도경5128") -> (개_일)임도경5128
A58: STU-0058 | B58: =IFERROR(__xludf.DUMMYFUNCTION("""COMPUTED_VALUE"""),"(개_일)장시연4755") -> (개_일)장시연4755
A59: STU-0059 | B59: =IFERROR(__xludf.DUMMYFUNCTION("""COMPUTED_VALUE"""),"(개_일)최서윤0998") -> (개_일)최서윤0998
A60: STU-0060 | B60: =IFERROR(__xludf.DUMMYFUNCTION("""COMPUTED_VALUE"""),"(개_일)최정원3665") -> (개_일)최정원3665
A61: STU-0061 | B61: =IFERROR(__xludf.DUMMYFUNCTION("""COMPUTED_VALUE"""),"(개_일)한지수9044") -> (개_일)한지수9044
A62: STU-0062 | B62: =IFERROR(__xludf.DUMMYFUNCTION("""COMPUTED_VALUE"""),"(교)김가은7178") -> (교)김가은7178
A63: STU-0063 | B63: =IFERROR(__xludf.DUMMYFUNCTION("""COMPUTED_VALUE"""),"(교)김보민5769") -> (교)김보민5769
A64: STU-0064 | B64: =IFERROR(__xludf.DUMMYFUNCTION("""COMPUTED_VALUE"""),"(교)송수빈5337") -> (교)송수빈5337
A65: STU-0065 | B65: =IFERROR(__xludf.DUMMYFUNCTION("""COMPUTED_VALUE"""),"(교)신유정7566") -> (교)신유정7566
A66: STU-0066 | B66: =IFERROR(__xludf.DUMMYFUNCTION("""COMPUTED_VALUE"""),"(교)양진서5080") -> (교)양진서5080
A67: STU-0067 | B67: =IFERROR(__xludf.DUMMYFUNCTION("""COMPUTED_VALUE"""),"(교)윤다연9207") -> (교)윤다연9207
A68: STU-0068 | B68: =IFERROR(__xludf.DUMMYFUNCTION("""COMPUTED_VALUE"""),"(교)이지우0221") -> (교)이지우0221
A69: STU-0069 | B69: =IFERROR(__xludf.DUMMYFUNCTION("""COMPUTED_VALUE"""),"(교)조희수6471") -> (교)조희수6471
A70: STU-0070 | B70: =IFERROR(__xludf.DUMMYFUNCTION("""COMPUTED_VALUE"""),"(교)차소정4052") -> (교)차소정4052
A71: STU-0071 | B71: =IFERROR(__xludf.DUMMYFUNCTION("""COMPUTED_VALUE"""),"(교)최수민4879") -> (교)최수민4879
A72: STU-0072 | B72: =IFERROR(__xludf.DUMMYFUNCTION("""COMPUTED_VALUE"""),"(교)최지우7723") -> (교)최지우7723
A73: STU-0073 | B73: =IFERROR(__xludf.DUMMYFUNCTION("""COMPUTED_VALUE"""),"(교)한유진8417") -> (교)한유진8417
A74: STU-0074 | B74: =IFERROR(__xludf.DUMMYFUNCTION("""COMPUTED_VALUE"""),"(교)홍석채2964") -> (교)홍석채2964
A75: STU-0075 | B75: =IFERROR(__xludf.DUMMYFUNCTION("""COMPUTED_VALUE"""),"(명)고유진4984") -> (명)고유진4984
A76: STU-0076 | B76: =IFERROR(__xludf.DUMMYFUNCTION("""COMPUTED_VALUE"""),"(명)김건5586") -> (명)김건5586
A77: STU-0077 | B77: =IFERROR(__xludf.DUMMYFUNCTION("""COMPUTED_VALUE"""),"(명)이영석8582") -> (명)이영석8582
A78: STU-0078 | B78: =IFERROR(__xludf.DUMMYFUNCTION("""COMPUTED_VALUE"""),"(명)이준형9016") -> (명)이준형9016
A79: STU-0079 | B79: =IFERROR(__xludf.DUMMYFUNCTION("""COMPUTED_VALUE"""),"(베)곽나영8302") -> (베)곽나영8302
A80: STU-0080 | B80: =IFERROR(__xludf.DUMMYFUNCTION("""COMPUTED_VALUE"""),"(베)권소연2604") -> (베)권소연2604
A81: STU-0081 | B81: =IFERROR(__xludf.DUMMYFUNCTION("""COMPUTED_VALUE"""),"(베)김민정8809") -> (베)김민정8809
A82: STU-0082 | B82: =IFERROR(__xludf.DUMMYFUNCTION("""COMPUTED_VALUE"""),"(베)김서영4149") -> (베)김서영4149
A83: STU-0083 | B83: =IFERROR(__xludf.DUMMYFUNCTION("""COMPUTED_VALUE"""),"(베)김아현2812") -> (베)김아현2812
A84: STU-0084 | B84: =IFERROR(__xludf.DUMMYFUNCTION("""COMPUTED_VALUE"""),"(베)서은서7111") -> (베)서은서7111
A85: STU-0085 | B85: =IFERROR(__xludf.DUMMYFUNCTION("""COMPUTED_VALUE"""),"(베)심서현0910") -> (베)심서현0910
A86: STU-0086 | B86: =IFERROR(__xludf.DUMMYFUNCTION("""COMPUTED_VALUE"""),"(베)양세희5603") -> (베)양세희5603
A87: STU-0087 | B87: =IFERROR(__xludf.DUMMYFUNCTION("""COMPUTED_VALUE"""),"(베)오윤서6143") -> (베)오윤서6143
A88: STU-0088 | B88: =IFERROR(__xludf.DUMMYFUNCTION("""COMPUTED_VALUE"""),"(베)유지현2373") -> (베)유지현2373
A89: STU-0089 | B89: =IFERROR(__xludf.DUMMYFUNCTION("""COMPUTED_VALUE"""),"(베)윤지윤8166") -> (베)윤지윤8166
A90: STU-0090 | B90: =IFERROR(__xludf.DUMMYFUNCTION("""COMPUTED_VALUE"""),"(베)윤채은5226") -> (베)윤채은5226
A91: STU-0091 | B91: =IFERROR(__xludf.DUMMYFUNCTION("""COMPUTED_VALUE"""),"(베)이서은7948") -> (베)이서은7948
A92: STU-0092 | B92: =IFERROR(__xludf.DUMMYFUNCTION("""COMPUTED_VALUE"""),"(베)이수빈1704") -> (베)이수빈1704
A93: STU-0093 | B93: =IFERROR(__xludf.DUMMYFUNCTION("""COMPUTED_VALUE"""),"(베)이승아1688") -> (베)이승아1688
A94: STU-0094 | B94: =IFERROR(__xludf.DUMMYFUNCTION("""COMPUTED_VALUE"""),"(베)이윤이4965") -> (베)이윤이4965
A95: STU-0095 | B95: =IFERROR(__xludf.DUMMYFUNCTION("""COMPUTED_VALUE"""),"(베)이채린9683") -> (베)이채린9683
A96: STU-0096 | B96: =IFERROR(__xludf.DUMMYFUNCTION("""COMPUTED_VALUE"""),"(베)임유민6477") -> (베)임유민6477
A97: STU-0097 | B97: =IFERROR(__xludf.DUMMYFUNCTION("""COMPUTED_VALUE"""),"(베)장미소0730") -> (베)장미소0730
A98: STU-0098 | B98: =IFERROR(__xludf.DUMMYFUNCTION("""COMPUTED_VALUE"""),"(베)정다은4727") -> (베)정다은4727
A99: STU-0099 | B99: =IFERROR(__xludf.DUMMYFUNCTION("""COMPUTED_VALUE"""),"(베)정서진9562") -> (베)정서진9562
A100: STU-0100 | B100: =IFERROR(__xludf.DUMMYFUNCTION("""COMPUTED_VALUE"""),"(베)정예음8008") -> (베)정예음8008
...

Sheet 개별회수입력
A1: 요청ID | B1: 회수일 | C1: 학생명 | D1: 회수반 | E1: 회수장소 | F1: 수량 | G1: 회수사유 | H1: 담당자 | I1: 메모 | J1: 원배부일
A2: c8155e2b | B2: 46112 | C2: (5)강연웅2804 | D2: (목) 301호 생명D 강원휘(13시20분) | E2: 창고 | F2: 1 | G2: 오배부회수 | H2: 김지유 | J2: 46099
A3: 232eb27f | B3: 46114 | C3: (5)강연웅2804 | D3: 국매깨 2-5 | E3: 4층지원실 | F3: 1 | G3: 여분회수 | H3: 엄선훈 | J3: 46114
A4: 90677779 | B4: 46114 | C4: 권민서2837 | D4: 국매깨 2-6 | E4: 창고 | F4: 1 | G4: 여분회수 | H4: 김지유
A5: 16c4bfe6 | B5: 46121 | C5: 엄선훈 | D5: TEST 교재1 | E5: 창고 | G5: 1 | H5: 오배부회수 | I5: 엄선훈 | K5: 46121
A6: be112175 | B6: 46121 | C6: (5)강연웅2804 | D6: (강원휘) 생명과학 | E6: 창고 | F6: 1 | G6: 오배부회수 | H6: 김지유 | K6: 46121

Sheet 일괄회수입력
A1: 요청ID | B1: 회수일 | C1: 배부일 | D1: 반명 | E1: 회수장소 | F1: 학생당수량 | G1: 총대상학생수 | H1: 총회수수량 | I1: 실행상태 | J1: 담당자 | K1: 메모
A2: 246479f2 | B2: 46119 | C2: 46119 | D2: TEST 교재1 | E2: 창고 | F2: 1 | G2: 4 | H2: 4 | J2: 엄선훈
A3: f8727ad7 | B3: 46121 | C3: 46121 | D3: TEST 교재1 | E3: 창고 | G3: 1 | H3: 5 | I3: 5 | K3: 엄선훈
A4: 50afa2ed | B4: 46126 | C4: 46126 | D4: (강성욱) 사회문화 | E4: 창고 | F4: 1 | G4: 0 | H4: 0 | J4: 김지유
A5: 9accf211 | B5: 46126 | C5: 46126 | D5: (강성욱) 정치와 법 | E5: 창고 | F5: 1 | G5: 0 | H5: 0 | J5: 김지유

Sheet 회수로그
A1: 회수로그ID | B1: 회수일 | C1: 원배부일 | D1: 학생명 | E1: 반명 | F1: 회수방식 | G1: 회수장소 | H1: 수량 | I1: 회수사유 | J1: 담당자 | K1: 일괄요청ID | L1: 원배부로그ID
A2: b92c69fd | B2: 46119 | C2: 46119 | D2: 엄선훈 | E2: TEST 교재1 | F2: 일괄 | G2: 창고 | H2: 1 | I2: 일괄회수 | J2: 엄선훈 | K2: 246479f2 | L2: 56aa93e3
A3: a61d9e94 | B3: 46119 | C3: 46119 | D3: 박상언 | E3: TEST 교재1 | F3: 일괄 | G3: 창고 | H3: 1 | I3: 일괄회수 | J3: 엄선훈 | K3: 246479f2 | L3: 61cba809
A4: 0a60c867 | B4: 46119 | C4: 46119 | D4: 이혜진 | E4: TEST 교재1 | F4: 일괄 | G4: 창고 | H4: 1 | I4: 일괄회수 | J4: 엄선훈 | K4: 246479f2 | L4: 279d00bc
A5: 07d1d615 | B5: 46119 | C5: 46119 | D5: 김한솔 | E5: TEST 교재1 | F5: 일괄 | G5: 창고 | H5: 1 | I5: 일괄회수 | J5: 엄선훈 | K5: 246479f2 | L5: a6b6e50c
A6: 7efc5dea | B6: 46121 | C6: 46121 | D6: 엄선훈 | E6: TEST 교재1 | G6: 개별 | H6: 창고 | I6: 1 | J6: 오배부회수 | K6: 엄선훈
A7: e5fa72fa | B7: 46121 | C7: 46121 | D7: 엄선훈 | E7: TEST 교재1 | G7: 일괄 | H7: 창고 | I7: 1 | J7: 일괄회수 | K7: 엄선훈 | L7: f8727ad7 | M7: df5f5d83
A8: 74a2cecb | B8: 46121 | C8: 46121 | D8: 엄선훈 | E8: TEST 교재1 | G8: 일괄 | H8: 창고 | I8: 1 | J8: 일괄회수 | K8: 엄선훈 | L8: f8727ad7 | M8: cc89bba0
A9: b6707ded | B9: 46121 | C9: 46121 | D9: 박상언 | E9: TEST 교재1 | G9: 일괄 | H9: 창고 | I9: 1 | J9: 일괄회수 | K9: 엄선훈 | L9: f8727ad7 | M9: b69ba0d4
A10: 5c9ef1ef | B10: 46121 | C10: 46121 | D10: 이혜진 | E10: TEST 교재1 | G10: 일괄 | H10: 창고 | I10: 1 | J10: 일괄회수 | K10: 엄선훈 | L10: f8727ad7 | M10: 5f37b8d2
A11: f3fdebb5 | B11: 46121 | C11: 46121 | D11: 김한솔 | E11: TEST 교재1 | G11: 일괄 | H11: 창고 | I11: 1 | J11: 일괄회수 | K11: 엄선훈 | L11: f8727ad7 | M11: 81a39261
A12: daa8cef9 | B12: 46121 | D12: (5)강연웅2804 | E12: (강원휘) 생명과학 | F12: 개별 | G12: 창고 | H12: 1 | I12: 오배부회수 | J12: 김지유

Sheet 배부로그
A1: 로그ID | B1: 배부일 | C1: 학생명 | D1: 반명 | E1: 배부방식 | F1: 배부장소 | G1: 수량 | H1: 특이사항여부 | I1: 특이사항유형 | J1: 특이사항내용 | K1: 담당자 | L1: 배부상태 | M1: 회수일
A2: b2491d86 | B2: 46114 | C2: 김지유 | D2: 수매깨 김지유 테스트 | E2: 일괄 | F2: 창고 | G2: 1 | H2: FALSE | L2: 배부
A3: cb421782 | B3: 46114 | C3: 김대열 | D3: 수매깨 김지유 테스트 | E3: 일괄 | F3: 창고 | G3: 1 | H3: FALSE | L3: 배부
A4: ff09e0a1 | B4: 46114 | C4: 엄선훈 | D4: 수매깨 김지유 테스트 | E4: 일괄 | F4: 창고 | G4: 1 | H4: FALSE | L4: 배부
A5: c9f127bf | B5: 46115 | C5: 황수현6530 | D5: 301 전종현 수2 | E5: 일괄 | F5: 창고 | G5: 1 | H5: FALSE | L5: 배부
A6: 5a67b2b5 | B6: 46115 | C6: 황수현6530 | D6: 301 전종현 수2 | E6: 개별 | F6: 창고 | G6: 1 | H6: TRUE | I6: 기타 | J6: 신규 | L6: 배부
A7: e5437031 | B7: 46115 | C7: 황수현6530 | D7: 세타 수2 | E7: 개별 | F7: 창고 | G7: 1 | H7: TRUE | I7: 기타 | J7: 신규 | L7: 배부
A8: a0fcbde6 | B8: 46115 | C8: 황성준4580 | D8: 이민호A 301 | E8: 일괄 | F8: 창고 | G8: 1 | H8: FALSE | L8: 배부
A9: 0a63c73f | B9: 46115 | C9: 황수현6530 | D9: 이민호A 301 | E9: 일괄 | F9: 창고 | G9: 1 | H9: FALSE | L9: 배부
A10: db555315 | B10: 46115 | C10: 황시은2437 | D10: 이민호A 301 | E10: 일괄 | F10: 창고 | G10: 1 | H10: FALSE | L10: 배부
A11: cb67d984 | B11: 46115 | C11: 황준서0113 | D11: 이민호A 301 | E11: 일괄 | F11: 창고 | G11: 1 | H11: FALSE | L11: 배부
A12: f0d50ff3 | B12: 46115 | C12: 김지유 | D12: 수매깨 김지유 테스트 | E12: 개별 | G12: 1 | H12: TRUE | I12: 기타 | J12: 테스트 | L12: 배부
A13: b3676c5a | B13: 46115 | C13: 김지유 | D13: 국매깨 김지유 테스트 | E13: 개별 | F13: 창고 | G13: 1 | H13: TRUE | I13: 기타 | J13: 테스트 | L13: 배부
A14: d647332e | B14: 46115 | C14: 박상언 | D14: 국매깨2-4 박상언 테스트 | E14: 개별 | F14: 8층지원실 | G14: 1 | H14: TRUE | I14: 기타 | J14: 입학 | L14: 배부
A15: 152302fd | B15: 46115 | C15: 박상언 | D15: 국어1 박상언 테스트 | E15: 개별 | F15: 창고 | G15: 2 | H15: TRUE | I15: 기타 | J15: 테스트 | L15: 배부
A16: 6ab2bf4a | B16: 46115 | C16: 박상언 | D16: 사회문화1 박상언 테스트 | E16: 개별 | F16: 창고 | G16: 1 | H16: TRUE | I16: 기타 | J16: 테스트 | L16: 배부
A17: 82e3516f | B17: 46115 | C17: 박상언 | D17: 수학1 박상언 테스트 | E17: 개별 | F17: 창고 | G17: 1 | H17: TRUE | I17: 기타 | J17: 테스트 | L17: 배부
A18: 6f8a363a | B18: 46115 | C18: (5)강유찬8685 | D18: 정규(수)701A 영어 김희준 | E18: 개별 | F18: 창고 | G18: 1 | H18: TRUE | I18: 기타 | J18: 신규 | L18: 배부
A19: 11bf6391 | B19: 46116 | C19: 조상혁0315 | D19: (국어선택) 화법과작문 | E19: 개별 | F19: 창고 | G19: 1 | H19: TRUE | I19: 기타 | J19: 신규 | L19: 배부
A20: 1bd4454b | B20: 46116 | C20: 조상혁0315 | D20: (김학림전종현) 쎄타_미적E수업 | E20: 개별 | F20: 창고 | G20: 1 | H20: TRUE | I20: 기타 | J20: 신규 | L20: 배부
A21: 19bd47d3 | B21: 46116 | C21: 조상혁0315 | D21: (국어선택) 화법과작문 | E21: 개별 | F21: 창고 | G21: 1 | H21: TRUE | I21: 기타 | J21: 신규 | L21: 배부
A22: 088a7c57 | B22: 46116 | C22: 조상혁0315 | D22: (김학림전종현) 쎄타_미적E수업 | E22: 개별 | F22: 창고 | G22: 1 | H22: TRUE | I22: 기타 | J22: 신규 | L22: 배부
A23: 9137d696 | B23: 46116 | C23: 조상혁0315 | D23: (김학림전종현) 쎄타_미적E피드백 | E23: 개별 | F23: 창고 | G23: 1 | H23: TRUE | I23: 기타 | J23: 신규 | L23: 배부
A24: bf0b090b | B24: 46116 | C24: 조상혁0315 | D24: (김학림전종현) 쎄타_수2E수업 | E24: 개별 | F24: 창고 | G24: 1 | H24: TRUE | I24: 기타 | J24: 신규 | L24: 배부
... A157: a09c4d36 | B157: 46118 | C157: (아)황예나0608 | D157: (진명화) 에센스_확통(피드백) | E157: 개별 | F157: 창고 | G157: 1 | H157: TRUE | I157: 기타 | J157: 신규 | L157: 배부
A158: db022754 | B158: 46118 | C158: (5)강연웅2804 | D158: (국매깨) 9주차 | E158: 일괄 | F158: 창고 | G158: 1 | H158: FALSE | L158: 배부
A159: 9036712d | B159: 46118 | C159: (5)강유찬8685 | D159: (국매깨) 9주차 | E159: 일괄 | F159: 창고 | G159: 1 | H159: FALSE | L159: 배부
A160: 4d39a5c7 | B160: 46118 | C160: (5)고강민8799 | D160: (국매깨) 9주차 | E160: 일괄 | F160: 창고 | G160: 1 | H160: FALSE | L160: 배부
A161: ae80784f | B161: 46118 | C161: (5)김준수3824 | D161: (국매깨) 9주차 | E161: 일괄 | F161: 창고 | G161: 1 | H161: FALSE | L161: 배부
A162: 5ca92be1 | B162: 46118 | C162: (5)김진혁7053 | D162: (국매깨) 9주차 | E162: 일괄 | F162: 창고 | G162: 1 | H162: FALSE | L162: 배부
A163: 29b9737d | B163: 46118 | C163: (5)문혁기2222 | D163: (국매깨) 9주차 | E163: 일괄 | F163: 창고 | G163: 1 | H163: FALSE | L163: 배부
A164: f3b88994 | B164: 46118 | C164: (5)박경동8420 | D164: (국매깨) 9주차 | E164: 일괄 | F164: 창고 | G164: 1 | H164: FALSE | L164: 배부
A165: 7725b743 | B165: 46118 | C165: (5)방준혁8763 | D165: (국매깨) 9주차 | E165: 일괄 | F165: 창고 | G165: 1 | H165: FALSE | L165: 배부
A166: 04d3d2d0 | B166: 46118 | C166: (5)손찬우7814 | D166: (국매깨) 9주차 | E166: 일괄 | F166: 창고 | G166: 1 | H166: FALSE | L166: 배부
A167: bc81ae4e | B167: 46118 | C167: (5)오승민8884 | D167: (국매깨) 9주차 | E167: 일괄 | F167: 창고 | G167: 1 | H167: FALSE | L167: 배부
A168: 2ae1f011 | B168: 46118 | C168: (5)유민재7079 | D168: (국매깨) 9주차 | E168: 일괄 | F168: 창고 | G168: 1 | H168: FALSE | L168: 배부
A169: c92f2faf | B169: 46118 | C169: (5)윤태웅1592 | D169: (국매깨) 9주차 | E169: 일괄 | F169: 창고 | G169: 1 | H169: FALSE | L169: 배부
... A1471: 5fed191e | B1471: 46118 | C1471: 황성준4580 | D1471: (수매깨7주차) T | E1471: 일괄 | F1471: 창고 | G1471: 1 | H1471: FALSE | L1471: 배부
A1472: 6d824add | B1472: 46118 | C1472: 남유주5622 | D1472: (영매깨) 1학기 | E1472: 개별 | F1472: 창고 | G1472: 1 | H1472: TRUE | I1472: 기타 | J1472: 신규 | L1472: 배부
A1473: 6086d6ac | B1473: 46118 | C1473: (아)황예나0608 | D1473: (영매깨) 1학기 | E1473: 개별 | F1473: 창고 | G1473: 1 | H1473: TRUE | I1473: 기타 | J1473: 신규 | L1473: 배부
A1474: 12f3f4be | B1474: 46118 | C1474: 이지석3484 | D1474: (영매깨) 1학기 | E1474: 개별 | F1474: 창고 | G1474: 1 | H1474: TRUE | I1474: 추가지급 | L1474: 배부
A1475: b2c518c4 | B1475: 46118 | C1475: 남유주5622 | D1475: (국매깨) 9주차 | E1475: 개별 | F1475: 창고 | G1475: 1 | H1475: TRUE | I1475: 기타 | J1475: 신규 | L1475: 배부
A1476: cbbe040c | B1476: 46118 | C1476: 남유주5622 | D1476: (김학림전종현) 쎄타_수2M수업 | E1476: 개별 | F1476: 창고 | G1476: 1 | H1476: TRUE | I1476: 기타 | J1476: 신규 | L1476: 배부
A1477: 4420fd70 | B1477: 46118 | C1477: 남유주5622 | D1477: (김학림전종현) 쎄타_수2M피드백 | E1477: 개별 | F1477: 창고 | G1477: 1 | H1477: TRUE | I1477: 기타 | J1477: 신규 | L1477: 배부
A1478: b0844463 | B1478: 46118 | C1478: 남유주5622 | D1478: (김학림전종현) 쎄타_확통M수업 | E1478: 개별 | F1478: 창고 | G1478: 1 | H1478: TRUE | I1478: 기타 | J1478: 신규 | L1478: 배부
A1479: 74d49698 | B1479: 46118 | C1479: 남유주5622 | D1479: (김학림전종현) 쎄타_확통M피드백 | E1479: 개별 | F1479: 창고 | G1479: 1 | H1479: TRUE | I1479: 기타 | J1479: 신규 | L1479: 배부
A1480: c37e2059 | B1480: 46118 | C1480: 남유주5622 | D1480: (수매깨7주차) M | E1480: 개별 | F1480: 창고 | G1480: 1 | H1480: TRUE | I1480: 기타 | J1480: 신규 | L1480: 배부
A1481: 56765eca | B1481: 46118 | C1481: 남유주5622 | D1481: (장진민) 생활과 윤리 | E1481: 개별 | F1481: 창고 | G1481: 1 | H1481: TRUE | I1481: 기타 | J1481: 신규 | L1481: 배부
A1482: b017fc81 | B1482: 46119 | C1482: (5)고강민8799 | D1482: (강성욱) 사회문화 , (국매깨) 9주차 | E1482: 개별 | F1482: 창고 | G1482: 1 | H1482: TRUE | I1482: 재배부 | L1482: 배부
A1483: 022bfdc3 | B1483: 46119 | C1483: (5)강연웅2804 | D1483: (강원휘) 생명과학 | E1483: 개별 | F1483: 창고 | G1483: 1 | H1483: TRUE | I1483: 신규 | K1483: 김지유 | L1483: 배부
A1484: 5a2c0c1d | B1484: 46119 | C1484: (5)강연웅2804 | D1484: (국매깨) 9주차 | E1484: 개별 | F1484: 창고 | G1484: 1 | H1484: TRUE | I1484: 신규 | K1484: 김지유 | L1484: 배부
A1485: e7beaf59 | B1485: 46119 | C1485: (5)강연웅2804 | D1485: (국어선택) 언어와매체 | E1485: 개별 | F1485: 창고 | G1485: 1 | H1485: TRUE | I1485: 신규 | K1485: 김지유 | L1485: 배부
A1486: 12a95b6e | B1486: 46119 | C1486: (5)강연웅2804 | D1486: (김학림전종현) 쎄타_미적E수업 | E1486: 개별 | F1486: 창고 | G1486: 1 | H1486: TRUE | I1486: 신규 | K1486: 김지유 | L1486: 배부
A1487: a16fca4c | B1487: 46119 | C1487: (5)강연웅2804 | D1487: (김학림전종현) 쎄타_미적E피드백 | E1487: 개별 | F1487: 창고 | G1487: 1 | H1487: TRUE | I1487: 신규 | K1487: 김지유 | L1487: 배부
A1488: 6edf993d | B1488: 46119 | C1488: (5)강연웅2804 | D1488: (김학림전종현) 쎄타_수2E수업 | E1488: 개별 | F1488: 창고 | G1488: 1 | H1488: TRUE | I1488: 신규 | K1488: 김지유 | L1488: 배부
A1489: fc65d61b | B1489: 46119 | C1489: (5)강연웅2804 | D1489: (김학림전종현) 쎄타_수2E피드백 | E1489: 개별 | F1489: 창고 | G1489: 1 | H1489: TRUE | I1489: 신규 | K1489: 김지유 | L1489: 배부
A1490: 562f422d | B1490: 46119 | C1490: (5)강연웅2804 | D1490: (수매깨7주차) Q | E1490: 개별 | F1490: 창고 | G1490: 1 | H1490: TRUE | I1490: 신규 | K1490: 김지유 | L1490: 배부
A1491: 7ffbf8f2 | B1491: 46119 | C1491: (5)강연웅2804 | D1491: (영매깨) 1학기 | E1491: 개별 | F1491: 창고 | G1491: 1 | H1491: TRUE | I1491: 신규 | K1491: 김지유 | L1491: 배부
A1492: fbdee4d8 | B1492: 46119 | C1492: (5)강연웅2804 | D1492: (이병훈) 지구과학 | E1492: 개별 | F1492: 창고 | G1492: 1 | H1492: TRUE | I1492: 신규 | K1492: 김지유 | L1492: 배부
A1493: 76ebaa24 | B1493: 46119 | C1493: (5)강유찬8685 | D1493: (강성욱) 사회문화 | E1493: 개별 | F1493: 창고 | G1493: 1 | H1493: TRUE | I1493: 기타 | K1493: 김대열 | L1493: 배부
A1494: a7dc9505 | B1494: 46119 | C1494: (5)강유찬8685 | D1494: (국매깨) 9주차 | E1494: 개별 | F1494: 창고 | G1494: 1 | H1494: TRUE | I1494: 기타 | K1494: 김대열 | L1494: 배부
A1495: 9960d149 | B1495: 46119 | C1495: (5)강유찬8685 | D1495: (국어선택) 화법과작문 | E1495: 개별 | F1495: 창고 | G1495: 1 | H1495: TRUE | I1495: 기타 | K1495: 김대열 | L1495: 배부
A1496: 56aa93e3 | B1496: 46119 | C1496: 엄선훈 | D1496: TEST 교재1 | E1496: 일괄 | F1496: 창고 | G1496: 1 | H1496: FALSE | L1496: 회수완료 | M1496: 04/07/2026 00:00:00
A1497: 61cba809 | B1497: 46119 | C1497: 박상언 | D1497: TEST 교재1 | E1497: 일괄 | F1497: 창고 | G1497: 1 | H1497: FALSE | L1497: 회수완료 | M1497: 04/07/2026 00:00:00
A1498: 279d00bc | B1498: 46119 | C1498: 이혜진 | D1498: TEST 교재1 | E1498: 일괄 | F1498: 창고 | G1498: 1 | H1498: FALSE | L1498: 회수완료 | M1498: 04/07/2026 00:00:00
A1499: a6b6e50c | B1499: 46119 | C1499: 김한솔 | D1499: TEST 교재1 | E1499: 일괄 | F1499: 창고 | G1499: 1 | H1499: FALSE | L1499: 회수완료 | M1499: 04/07/2026 00:00:00
A1500: 16cbdef7 | B1500: 46119 | C1500: (5)강연웅2804 | D1500: (강원휘) 생명과학 | E1500: 개별 | F1500: 창고 | G1500: 1 | H1500: TRUE | I1500: 신규 | K1500: 김지유
A1501: b0a3f85a | B1501: 46119 | C1501: (5)강연웅2804 | D1501: (강원휘) 생명과학 | E1501: 개별 | F1501: 창고 | G1501: 1 | H1501: TRUE | I1501: 재배부 | K1501: 김지유
A1502: 7489ac04 | B1502: 46119 | C1502: (5)강연웅2804 | D1502: (국매깨) 9주차 | E1502: 개별 | F1502: 창고 | G1502: 1 | H1502: TRUE | I1502: 재배부 | K1502: 김지유
A1503: 9087a1f3 | B1503: 46119 | C1503: (5)강연웅2804 | D1503: (국어선택) 언어와매체 | E1503: 개별 | F1503: 창고 | G1503: 1 | H1503: TRUE | I1503: 재배부 | K1503: 김지유
A1504: a0864103 | B1504: 46119 | C1504: (5)강연웅2804 | D1504: (김학림전종현) 쎄타_미적E수업 | E1504: 개별 | F1504: 창고 | G1504: 1 | H1504: TRUE | I1504: 재배부 | K1504: 김지유
A1505: 8f397de9 | B1505: 46119 | C1505: (5)강연웅2804 | D1505: (김학림전종현) 쎄타_미적E피드백 | E1505: 개별 | F1505: 창고 | G1505: 1 | H1505: TRUE | I1505: 재배부 | K1505: 김지유
A1506: c4f9782e | B1506: 46119 | C1506: (5)강연웅2804 | D1506: (김학림전종현) 쎄타_수2E수업 | E1506: 개별 | F1506: 창고 | G1506: 1 | H1506: TRUE | I1506: 재배부 | K1506: 김지유
A1507: eaf5200d | B1507: 46119 | C1507: (5)강연웅2804 | D1507: (김학림전종현) 쎄타_수2E피드백 | E1507: 개별 | F1507: 창고 | G1507: 1 | H1507: TRUE | I1507: 재배부 | K1507: 김지유
A1508: 7a59ac3a | B1508: 46119 | C1508: (5)강연웅2804 | D1508: (수매깨7주차) Q | E1508: 개별 | F1508: 창고 | G1508: 1 | H1508: TRUE | I1508: 재배부 | K1508: 김지유
A1509: 0f0168d2 | B1509: 46119 | C1509: (5)강연웅2804 | D1509: (영매깨) 1학기 | E1509: 개별 | F1509: 창고 | G1509: 1 | H1509: TRUE | I1509: 재배부 | K1509: 김지유
A1510: 3b66645c | B1510: 46119 | C1510: (5)강연웅2804 | D1510: (이병훈) 지구과학 | E1510: 개별 | F1510: 창고 | G1510: 1 | H1510: TRUE | I1510: 재배부 | K1510: 김지유
A1511: df5f5d83 | B1511: 46121 | C1511: 엄선훈 | D1511: TEST 교재1 | E1511: 개별 | F1511: 창고 | G1511: 1 | H1511: TRUE | I1511: 신규 | K1511: 엄선훈
A1512: cc89bba0 | B1512: 46121 | C1512: 엄선훈 | D1512: TEST 교재1 | E1512: 일괄 | F1512: 창고 | G1512: 1 | H1512: FALSE | L1512: 배부
A1513: b69ba0d4 | B1513: 46121 | C1513: 박상언 | D1513: TEST 교재1 | E1513: 일괄 | F1513: 창고 | G1513: 1 | H1513: FALSE | L1513: 배부
A1514: 5f37b8d2 | B1514: 46121 | C1514: 이혜진 | D1514: TEST 교재1 | E1514: 일괄 | F1514: 창고 | G1514: 1 | H1514: FALSE | L1514: 배부
A1515: 81a39261 | B1515: 46121 | C1515: 김한솔 | D1515: TEST 교재1 | E1515: 일괄 | F1515: 창고 | G1515: 1 | H1515: FALSE | L1515: 배부
A1516: 6a5977d1 | B1516: 46121 | C1516: (5)강연웅2804 | D1516: (강원휘) 생명과학 | E1516: 개별 | F1516: 창고 | G1516: 1 | H1516: TRUE | I1516: 분실 | K1516: 김지유 | L1516: 배부
A1517: 118ae5a1 | B1517: 46125 | C1517: 엄선훈 | D1517: TEST 교재1 | E1517: 개별 | F1517: 창고 | G1517: 1 | H1517: TRUE | I1517: 분실 | K1517: 엄선훈 | L1517: 배부
A1518: d38dfa42 | B1518: 46126 | C1518: (5)강연웅2804 | D1518: (강원휘) 생명과학 | E1518: 개별 | F1518: 창고 | G1518: 1 | H1518: TRUE | I1518: 분실 | K1518: 김지유 | L1518: 배부
A1519: 99d68986 | B1519: 46126 | C1519: (5)고강민8799 | D1519: (강성욱) 사회문화 | E1519: 개별 | F1519: 창고 | G1519: 1 | H1519: TRUE | I1519: 분실 | K1519: 김지유 | L1519: 배부
A1520: 165a6c6d | B1520: 46126 | C1520: (5)고강민8799 | D1520: (강성욱) 사회문화 | E1520: 개별 | F1520: 창고 | G1520: 1 | H1520: TRUE | I1520: 분실 | K1520: 김지유 | L1520: 배부
A1521: 7f888787 | B1521: 46126 | C1521: (5)고강민8799 | D1521: (국매깨) 9주차 | E1521: 개별 | F1521: 창고 | G1521: 1 | H1521: TRUE | I1521: 분실 | K1521: 김지유 | L1521: 배부
A1522: ba5827f2 | B1522: 46126 | C1522: (5)박경동8420 | D1522: (국매깨) 9주차 | E1522: 개별 | F1522: 창고 | G1522: 1 | H1522: TRUE | I1522: 추가지급 | K1522: 김지유 | L1522: 배부

Sheet 반마스터
A1: 반명 | B1: 월배부기준 | C1: 사용여부
A2: (강성욱) 사회문화 | B2: 월 | C2: Y
A3: (강성욱) 정치와 법 | B3: 월 | C3: Y
A4: (강원휘) 생명과학 | B4: 월 | C4: Y
A5: (고낙기) 화학 | B5: 월 | C5: Y
A6: (국어선택) 언어와매체 | B6: 월 | C6: Y
A7: (국어선택) 화법과작문 | B7: 월 | C7: Y
A8: (김종훈) 국어다지기_독서1 | B8: 월 | C8: Y
A9: (김종훈) 국어다지기_문학1 | B9: 월 | C9: Y
A10: (김춘근김희준) pop 1 | B10: 월 | C10: Y
A11: (김춘근김희준) syntax 1 | B11: 월 | C11: Y
A12: (김학림전종현) 쎄타_미적E수업 | B12: 월 | C12: Y
... A86: (지종규) LIP_문법구문 | B86: 월 | C86: Y
B87: 월 | C87: Y
B88: 월 | C88: Y
B89: 월 | C89: Y
B90: 월 | C90: Y
B91: 월 | C91: Y
B92: 월 | C92: Y
B93: 월 | C93: Y
B94: 월 | C94: Y
B95: 월 | C95: Y
B96: 월 | C96: Y
B97: 월 | C97: Y
B98: 월 | C98: Y
... B117: 주 | C117: Y

Sheet 반별학생명단
A1: 반명 | B1: 학생명
A2: (목) 301호 생명D 강원휘(13시20분) | B2: (5)강연웅2804
A3: (목) 501호 언매 김종훈(08시) | B3: (5)강연웅2804
A4: (화) 303호 지학D 이병훈(08시) | B4: (5)강연웅2804
A5: 정규(수)802B 국어 김종훈 | B5: (5)강연웅2804
A6: 정규(월금)801B 미적 전종현(수매Q) | B6: (5)강연웅2804
A7: 정규(토)901A 영어 김희준 | B7: (5)강연웅2804
A8: 국매깨 2-5 | B8: (5)강연웅2804
A9: 수매깨 Q 1-1 | B9: (5)강연웅2804
A10: (목) 702호 화작 조영신(13시20분) | B10: (5)강유찬8685
A11: (목) 별관지하 세지A 이승국(08시) | B11: (5)강유찬8685
A12: (화) 별관302호 사문B 강성욱(13시20분) | B12: (5)강유찬8685
... A4694: TEST 교재1 | B4694: 엄선훈

Sheet 학생반배정
A1: 배정ID | B1: 학생명 | C1: 반명 | D1: 상태 | E1: 시작일 | F1: 종료일 | G1: 비고
A2: {=IF(B2:B11618<>"","BA-"&TEXT(ROW(B2:B11618)-1,"0000"),"")} -> BA-0001 | B2: (5)강연웅2804 | C2: (수매깨7주차) Q | D2: 재원 | E2: 46113 | F2: 46171
A3: BA-0002 | B3: (5)강연웅2804 | C3: (영매깨) 1학기 | D3: 재원 | E3: 46113 | F3: 46171
A4: BA-0003 | B4: (5)강연웅2804 | C4: (이병훈) 지구과학 | D4: 재원 | E4: 46113 | F4: 46171
A5: BA-0004 | B5: (5)강연웅2804 | C5: (김학림전종현) 쎄타_수2E피드백 | D5: 재원 | E5: 46113 | F5: 46171
A6: BA-0005 | B6: (5)강연웅2804 | C6: (김학림전종현) 쎄타_수2E수업 | D6: 재원 | E6: 46113 | F6: 46171
A7: BA-0006 | B7: (5)강연웅2804 | C7: (김학림전종현) 쎄타_미적E피드백 | D7: 재원 | E7: 46113 | F7: 46171
A8: BA-0007 | B8: (5)강연웅2804 | C8: (김학림전종현) 쎄타_미적E수업 | D8: 재원 | E8: 46113 | F8: 46171
A9: BA-0008 | B9: (5)강연웅2804 | C9: (김춘근김희준) syntax 2 | D9: 재원 | E9: 46113 | F9: 46171
A10: BA-0009 | B10: (5)강연웅2804 | C10: (김춘근김희준) pop 2 | D10: 재원 | E10: 46113 | F10: 46171
A11: BA-0010 | B11: (5)강연웅2804 | C11: (김종훈) 국어다지기_문학2 | D11: 재원 | E11: 46113 | F11: 46171
A12: BA-0011 | B12: (5)강연웅2804 | C12: (김종훈) 국어다지기_독서2 | D12: 재원 | E12: 46113 | F12: 46171
A13: BA-0012 | B13: (5)강연웅2804 | C13: (국어선택) 언어와매체 | D13: 재원 | E13: 46113 | F13: 46171
A14: BA-0013 | B14: (5)강연웅2804 | C14: (국매깨) 9주차 | D14: 재원 | E14: 46113 | F14: 46171
... A10618: BA-10617 | B10618: (아)김다은5516 | C10618: (국매깨) 10주차 | D10618: 재원 | E10618: 46123 | F10618: 46171

Sheet 학생조회
A1: 학생 배부 이력 조회 | L1: =IFERROR(__xludf.DUMMYFUNCTION("SORT(UNIQUE(FILTER('배부로그'!C2:C1667,'배부로그'!C2:C1667<>"""",'배부로그'!L2:L1667=""배부"")))"),"(5)강연웅2804") -> (5)강연웅2804
L2: =IFERROR(__xludf.DUMMYFUNCTION("""COMPUTED_VALUE"""),"(5)강유찬8685") -> (5)강유찬8685
A3: 학생명 | B3: 엄선훈 | C3: 사용법 | L3: =IFERROR(__xludf.DUMMYFUNCTION("""COMPUTED_VALUE"""),"(5)고강민8799") -> (5)고강민8799
A4: 기준일 | B4: 46125 | C4: 학생명과 기준일을 입력하면 그 날짜까지 배부받은 교재가 아래에 표시됩니다. | L4: =IFERROR(__xludf.DUMMYFUNCTION("""COMPUTED_VALUE"""),"(5)김준수3824") -> (5)김준수3824
L5: =IFERROR(__xludf.DUMMYFUNCTION("""COMPUTED_VALUE"""),"(5)김진혁7053") -> (5)김진혁7053
A6: 배부일 | B6: 반명 | C6: 배부장소 | D6: 배부방식 | E6: 수량 | F6: 특이사항 | L6: =IFERROR(__xludf.DUMMYFUNCTION("""COMPUTED_VALUE"""),"(5)문혁기2222") -> (5)문혁기2222
A7: =IFERROR(__xludf.DUMMYFUNCTION("IF( OR($B$3="""",$B$4=""""), ""해당 내역 없음"", IFERROR( FILTER( { TEXT('배부로그'!B2:B1667,""yyyy-mm-dd""), '배부로그'!D2:D1667, '배부로그'!F2:F1667, '배부로그'!E2:E1667, '배부로그'!G2:G1667, IF( ('배부로그'!H"&"2:H1667=""Y"")+('배부로그'!H2:H1667=TRUE), IF( '배부로그'!I2:I1667<>"""", '배부로그'!I2:I1667 & IF('배부로그'!J2:J1667<>"""","" / ""&'배부로그'!J2:J1667,""""), '배부로그'!J2:J1667 ), """" ) }, "&"TRIM('배부로그'!C2:C1667)=TRIM($B$3), INT('배부로그'!B2:B1667)<=INT($B$4) ), ""해당 내역 없음"" ) )"),"2026-04-02") -> 2026-04-02 | B7: =IFERROR(__xludf.DUMMYFUNCTION("""COMPUTED_VALUE"""),"수매깨 김지유 테스트") -> 수매깨 김지유 테스트 | C7: =IFERROR(__xludf.DUMMYFUNCTION("""COMPUTED_VALUE"""),"창고") -> 창고 | D7: =IFERROR(__xludf.DUMMYFUNCTION("""COMPUTED_VALUE"""),"일괄") -> 일괄 | E7: =IFERROR(__xludf.DUMMYFUNCTION("""COMPUTED_VALUE"""),1.0) -> 1 | F7: =IFERROR(__xludf.DUMMYFUNCTION("""COMPUTED_VALUE"""),"") | L7: =IFERROR(__xludf.DUMMYFUNCTION("""COMPUTED_VALUE"""),"(5)박건영5869") -> (5)박건영5869
A8: =IFERROR(__xludf.DUMMYFUNCTION("""COMPUTED_VALUE"""),"2026-04-07") -> 2026-04-07 | B8: =IFERROR(__xludf.DUMMYFUNCTION("""COMPUTED_VALUE"""),"TEST 교재1") -> TEST 교재1 | C8: =IFERROR(__xludf.DUMMYFUNCTION("""COMPUTED_VALUE"""),"창고") -> 창고 | D8: =IFERROR(__xludf.DUMMYFUNCTION("""COMPUTED_VALUE"""),"일괄") -> 일괄 | E8: =IFERROR(__xludf.DUMMYFUNCTION("""COMPUTED_VALUE"""),1.0) -> 1 | F8: =IFERROR(__xludf.DUMMYFUNCTION("""COMPUTED_VALUE"""),"") | L8: =IFERROR(__xludf.DUMMYFUNCTION("""COMPUTED_VALUE"""),"(5)박경동8420") -> (5)박경동8420
A9: =IFERROR(__xludf.DUMMYFUNCTION("""COMPUTED_VALUE"""),"2026-04-09") -> 2026-04-09 | B9: =IFERROR(__xludf.DUMMYFUNCTION("""COMPUTED_VALUE"""),"TEST 교재1") -> TEST 교재1 | C9: =IFERROR(__xludf.DUMMYFUNCTION("""COMPUTED_VALUE"""),"창고") -> 창고 | D9: =IFERROR(__xludf.DUMMYFUNCTION("""COMPUTED_VALUE"""),"개별") -> 개별 | E9: =IFERROR(__xludf.DUMMYFUNCTION("""COMPUTED_VALUE"""),1.0) -> 1 | F9: =IFERROR(__xludf.DUMMYFUNCTION("""COMPUTED_VALUE"""),"신규") -> 신규 | L9: =IFERROR(__xludf.DUMMYFUNCTION("""COMPUTED_VALUE"""),"(5)방준혁8763") -> (5)방준혁8763
A10: =IFERROR(__xludf.DUMMYFUNCTION("""COMPUTED_VALUE"""),"2026-04-09") -> 2026-04-09 | B10: =IFERROR(__xludf.DUMMYFUNCTION("""COMPUTED_VALUE"""),"TEST 교재1") -> TEST 교재1 | C10: =IFERROR(__xludf.DUMMYFUNCTION("""COMPUTED_VALUE"""),"창고") -> 창고 | D10: =IFERROR(__xludf.DUMMYFUNCTION("""COMPUTED_VALUE"""),"일괄") -> 일괄 | E10: =IFERROR(__xludf.DUMMYFUNCTION("""COMPUTED_VALUE"""),1.0) -> 1 | F10: =IFERROR(__xludf.DUMMYFUNCTION("""COMPUTED_VALUE"""),"") | L10: =IFERROR(__xludf.DUMMYFUNCTION("""COMPUTED_VALUE"""),"(5)손찬우7814") -> (5)손찬우7814
A11: =IFERROR(__xludf.DUMMYFUNCTION("""COMPUTED_VALUE"""),"2026-04-13") -> 2026-04-13 | B11: =IFERROR(__xludf.DUMMYFUNCTION("""COMPUTED_VALUE"""),"TEST 교재1") -> TEST 교재1 | C11: =IFERROR(__xludf.DUMMYFUNCTION("""COMPUTED_VALUE"""),"창고") -> 창고 | D11: =IFERROR(__xludf.DUMMYFUNCTION("""COMPUTED_VALUE"""),"개별") -> 개별 | E11: =IFERROR(__xludf.DUMMYFUNCTION("""COMPUTED_VALUE"""),1.0) -> 1 | F11: =IFERROR(__xludf.DUMMYFUNCTION("""COMPUTED_VALUE"""),"분실") -> 분실 | L11: =IFERROR(__xludf.DUMMYFUNCTION("""COMPUTED_VALUE"""),"(5)오승민8884") -> (5)오승민8884
L12: =IFERROR(__xludf.DUMMYFUNCTION("""COMPUTED_VALUE"""),"(5)유민재7079") -> (5)유민재7079
L13: =IFERROR(__xludf.DUMMYFUNCTION("""COMPUTED_VALUE"""),"(5)윤태웅1592") -> (5)윤태웅1592
L14: =IFERROR(__xludf.DUMMYFUNCTION("""COMPUTED_VALUE"""),"(5)이민욱7522") -> (5)이민욱7522
L15: =IFERROR(__xludf.DUMMYFUNCTION("""COMPUTED_VALUE"""),"(5)이영욱6966") -> (5)이영욱6966
L16: =IFERROR(__xludf.DUMMYFUNCTION("""COMPUTED_VALUE"""),"(5)이재국9609") -> (5)이재국9609
L17: =IFERROR(__xludf.DUMMYFUNCTION("""COMPUTED_VALUE"""),"(5)조준범0784") -> (5)조준범0784
L18: =IFERROR(__xludf.DUMMYFUNCTION("""COMPUTED_VALUE"""),"(5)지무경1270") -> (5)지무경1270
L19: =IFERROR(__xludf.DUMMYFUNCTION("""COMPUTED_VALUE"""),"(5)최민준4523") -> (5)최민준4523
L20: =IFERROR(__xludf.DUMMYFUNCTION("""COMPUTED_VALUE"""),"(5)하시원2339") -> (5)하시원2339
L21: =IFERROR(__xludf.DUMMYFUNCTION("""COMPUTED_VALUE"""),"(강)기영윤7318") -> (강)기영윤7318
L22: =IFERROR(__xludf.DUMMYFUNCTION("""COMPUTED_VALUE"""),"(강)김도형7747") -> (강)김도형7747
L23: =IFERROR(__xludf.DUMMYFUNCTION("""COMPUTED_VALUE"""),"(강)김민건8182") -> (강)김민건8182
L24: =IFERROR(__xludf.DUMMYFUNCTION("""COMPUTED_VALUE"""),"(강)김수홍7778") -> (강)김수홍7778
L25: =IFERROR(__xludf.DUMMYFUNCTION("""COMPUTED_VALUE"""),"(강)민준혁9223") -> (강)민준혁9223
L26: =IFERROR(__xludf.DUMMYFUNCTION("""COMPUTED_VALUE"""),"(강)박성효3234") -> (강)박성효3234
L27: =IFERROR(__xludf.DUMMYFUNCTION("""COMPUTED_VALUE"""),"(강)박주석8032") -> (강)박주석8032
L28: =IFERROR(__xludf.DUMMYFUNCTION("""COMPUTED_VALUE"""),"(강)왕효준2880") -> (강)왕효준2880
L29: =IFERROR(__xludf.DUMMYFUNCTION("""COMPUTED_VALUE"""),"(강)이도현1102") -> (강)이도현1102
L30: =IFERROR(__xludf.DUMMYFUNCTION("""COMPUTED_VALUE"""),"(강)이동건5693") -> (강)이동건5693
L31: =IFERROR(__xludf.DUMMYFUNCTION("""COMPUTED_VALUE"""),"(강)장윤건7351") -> (강)장윤건7351
L32: =IFERROR(__xludf.DUMMYFUNCTION("""COMPUTED_VALUE"""),"(개_5)김민준5243") -> (개_5)김민준5243
L33: =IFERROR(__xludf.DUMMYFUNCTION("""COMPUTED_VALUE"""),"(개_5)민정원9707") -> (개_5)민정원9707
L34: =IFERROR(__xludf.DUMMYFUNCTION("""COMPUTED_VALUE"""),"(개_5)박상현0208") -> (개_5)박상현0208
L35: =IFERROR(__xludf.DUMMYFUNCTION("""COMPUTED_VALUE"""),"(개_5)박시우7232") -> (개_5)박시우7232
L36: =IFERROR(__xludf.DUMMYFUNCTION("""COMPUTED_VALUE"""),"(개_5)방승수0714") -> (개_5)방승수0714
L37: =IFERROR(__xludf.DUMMYFUNCTION("""COMPUTED_VALUE"""),"(개_5)서은후1353") -> (개_5)서은후1353
L38: =IFERROR(__xludf.DUMMYFUNCTION("""COMPUTED_VALUE"""),"(개_5)양인국1316") -> (개_5)양인국1316
L39: =IFERROR(__xludf.DUMMYFUNCTION("""COMPUTED_VALUE"""),"(개_5)이한결0479") -> (개_5)이한결0479
L40: =IFERROR(__xludf.DUMMYFUNCTION("""COMPUTED_VALUE"""),"(개_5)임건우5242") -> (개_5)임건우5242
L41: =IFERROR(__xludf.DUMMYFUNCTION("""COMPUTED_VALUE"""),"(개_5)임예준3266") -> (개_5)임예준3266
L42: =IFERROR(__xludf.DUMMYFUNCTION("""COMPUTED_VALUE"""),"(개_5)임재준4588") -> (개_5)임재준4588
L43: =IFERROR(__xludf.DUMMYFUNCTION("""COMPUTED_VALUE"""),"(개_5)전예준2851") -> (개_5)전예준2851
L44: =IFERROR(__xludf.DUMMYFUNCTION("""COMPUTED_VALUE"""),"(개_5)지우현4872") -> (개_5)지우현4872
L45: =IFERROR(__xludf.DUMMYFUNCTION("""COMPUTED_VALUE"""),"(개_일)고은채4346") -> (개_일)고은채4346
L46: =IFERROR(__xludf.DUMMYFUNCTION("""COMPUTED_VALUE"""),"(개_일)김시예0805") -> (개_일)김시예0805
L47: =IFERROR(__xludf.DUMMYFUNCTION("""COMPUTED_VALUE"""),"(개_일)김예담9555") -> (개_일)김예담9555
L48: =IFERROR(__xludf.DUMMYFUNCTION("""COMPUTED_VALUE"""),"(개_일)김온유5076") -> (개_일)김온유5076
L49: =IFERROR(__xludf.DUMMYFUNCTION("""COMPUTED_VALUE"""),"(개_일)김유진2847") -> (개_일)김유진2847
L50: =IFERROR(__xludf.DUMMYFUNCTION("""COMPUTED_VALUE"""),"(개_일)김태은3330") -> (개_일)김태은3330
L51: =IFERROR(__xludf.DUMMYFUNCTION("""COMPUTED_VALUE"""),"(개_일)박예영8386") -> (개_일)박예영8386
L52: =IFERROR(__xludf.DUMMYFUNCTION("""COMPUTED_VALUE"""),"(개_일)손여진3390") -> (개_일)손여진3390
L53: =IFERROR(__xludf.DUMMYFUNCTION("""COMPUTED_VALUE"""),"(개_일)양이든8316") -> (개_일)양이든8316
L54: =IFERROR(__xludf.DUMMYFUNCTION("""COMPUTED_VALUE"""),"(개_일)이서의7569") -> (개_일)이서의7569
L55: =IFERROR(__xludf.DUMMYFUNCTION("""COMPUTED_VALUE"""),"(개_일)이서현2233") -> (개_일)이서현2233
L56: =IFERROR(__xludf.DUMMYFUNCTION("""COMPUTED_VALUE"""),"(개_일)이채민4087") -> (개_일)이채민4087
L57: =IFERROR(__xludf.DUMMYFUNCTION("""COMPUTED_VALUE"""),"(개_일)임도경5128") -> (개_일)임도경5128
L58: =IFERROR(__xludf.DUMMYFUNCTION("""COMPUTED_VALUE"""),"(개_일)장시연4755") -> (개_일)장시연4755
L59: =IFERROR(__xludf.DUMMYFUNCTION("""COMPUTED_VALUE"""),"(개_일)최서윤0998") -> (개_일)최서윤0998
L60: =IFERROR(__xludf.DUMMYFUNCTION("""COMPUTED_VALUE"""),"(개_일)최정원3665") -> (개_일)최정원3665
L61: =IFERROR(__xludf.DUMMYFUNCTION("""COMPUTED_VALUE"""),"(개_일)한지수9044") -> (개_일)한지수9044
L62: =IFERROR(__xludf.DUMMYFUNCTION("""COMPUTED_VALUE"""),"(교)김가은7178") -> (교)김가은7178
L63: =IFERROR(__xludf.DUMMYFUNCTION("""COMPUTED_VALUE"""),"(교)김보민5769") -> (교)김보민5769
L64: =IFERROR(__xludf.DUMMYFUNCTION("""COMPUTED_VALUE"""),"(교)송수빈5337") -> (교)송수빈5337
L65: =IFERROR(__xludf.DUMMYFUNCTION("""COMPUTED_VALUE"""),"(교)신유정7566") -> (교)신유정7566
L66: =IFERROR(__xludf.DUMMYFUNCTION("""COMPUTED_VALUE"""),"(교)양진서5080") -> (교)양진서5080
L67: =IFERROR(__xludf.DUMMYFUNCTION("""COMPUTED_VALUE"""),"(교)윤다연9207") -> (교)윤다연9207
L68: =IFERROR(__xludf.DUMMYFUNCTION("""COMPUTED_VALUE"""),"(교)이지우0221") -> (교)이지우0221
L69: =IFERROR(__xludf.DUMMYFUNCTION("""COMPUTED_VALUE"""),"(교)조희수6471") -> (교)조희수6471
L70: =IFERROR(__xludf.DUMMYFUNCTION("""COMPUTED_VALUE"""),"(교)차소정4052") -> (교)차소정4052
L71: =IFERROR(__xludf.DUMMYFUNCTION("""COMPUTED_VALUE"""),"(교)최수민4879") -> (교)최수민4879
L72: =IFERROR(__xludf.DUMMYFUNCTION("""COMPUTED_VALUE"""),"(교)최지우7723") -> (교)최지우7723
L73: =IFERROR(__xludf.DUMMYFUNCTION("""COMPUTED_VALUE"""),"(교)한유진8417") -> (교)한유진8417
L74: =IFERROR(__xludf.DUMMYFUNCTION("""COMPUTED_VALUE"""),"(교)홍석채2964") -> (교)홍석채2964
L75: =IFERROR(__xludf.DUMMYFUNCTION("""COMPUTED_VALUE"""),"(명)고유진4984") -> (명)고유진4984
L76: =IFERROR(__xludf.DUMMYFUNCTION("""COMPUTED_VALUE"""),"(명)김건5586") -> (명)김건5586
L77: =IFERROR(__xludf.DUMMYFUNCTION("""COMPUTED_VALUE"""),"(명)이영석8582") -> (명)이영석8582
L78: =IFERROR(__xludf.DUMMYFUNCTION("""COMPUTED_VALUE"""),"(명)이준형9016") -> (명)이준형9016
L79: =IFERROR(__xludf.DUMMYFUNCTION("""COMPUTED_VALUE"""),"(베)곽나영8302") -> (베)곽나영8302
L80: =IFERROR(__xludf.DUMMYFUNCTION("""COMPUTED_VALUE"""),"(베)권소연2604") -> (베)권소연2604
L81: =IFERROR(__xludf.DUMMYFUNCTION("""COMPUTED_VALUE"""),"(베)김민정8809") -> (베)김민정8809
L82: =IFERROR(__xludf.DUMMYFUNCTION("""COMPUTED_VALUE"""),"(베)김서영4149") -> (베)김서영4149
L83: =IFERROR(__xludf.DUMMYFUNCTION("""COMPUTED_VALUE"""),"(베)김아현2812") -> (베)김아현2812
L84: =IFERROR(__xludf.DUMMYFUNCTION("""COMPUTED_VALUE"""),"(베)서은서7111") -> (베)서은서7111
L85: =IFERROR(__xludf.DUMMYFUNCTION("""COMPUTED_VALUE"""),"(베)심서현0910") -> (베)심서현0910
L86: =IFERROR(__xludf.DUMMYFUNCTION("""COMPUTED_VALUE"""),"(베)양세희5603") -> (베)양세희5603
L87: =IFERROR(__xludf.DUMMYFUNCTION("""COMPUTED_VALUE"""),"(베)오윤서6143") -> (베)오윤서6143
L88: =IFERROR(__xludf.DUMMYFUNCTION("""COMPUTED_VALUE"""),"(베)유지현2373") -> (베)유지현2373
L89: =IFERROR(__xludf.DUMMYFUNCTION("""COMPUTED_VALUE"""),"(베)윤지윤8166") -> (베)윤지윤8166
L90: =IFERROR(__xludf.DUMMYFUNCTION("""COMPUTED_VALUE"""),"(베)윤채은5226") -> (베)윤채은5226
L91: =IFERROR(__xludf.DUMMYFUNCTION("""COMPUTED_VALUE"""),"(베)이서은7948") -> (베)이서은7948
L92: =IFERROR(__xludf.DUMMYFUNCTION("""COMPUTED_VALUE"""),"(베)이수빈1704") -> (베)이수빈1704
L93: =IFERROR(__xludf.DUMMYFUNCTION("""COMPUTED_VALUE"""),"(베)이승아1688") -> (베)이승아1688
L94: =IFERROR(__xludf.DUMMYFUNCTION("""COMPUTED_VALUE"""),"(베)이윤이4965") -> (베)이윤이4965
L95: =IFERROR(__xludf.DUMMYFUNCTION("""COMPUTED_VALUE"""),"(베)이채린9683") -> (베)이채린9683
L96: =IFERROR(__xludf.DUMMYFUNCTION("""COMPUTED_VALUE"""),"(베)임유민6477") -> (베)임유민6477
L97: =IFERROR(__xludf.DUMMYFUNCTION("""COMPUTED_VALUE"""),"(베)장미소0730") -> (베)장미소0730
L98: =IFERROR(__xludf.DUMMYFUNCTION("""COMPUTED_VALUE"""),"(베)정다은4727") -> (베)정다은4727
L99: =IFERROR(__xludf.DUMMYFUNCTION("""COMPUTED_VALUE"""),"(베)정서진9562") -> (베)정서진9562
L100: =IFERROR(__xludf.DUMMYFUNCTION("""COMPUTED_VALUE"""),"(베)정예음8008") -> (베)정예음8008
...

Sheet 교재재고
A1: 5 | B1: 반명 | C1: 초기재고_창고 | D1: 초기재고_4층지원실 | E1: 초기재고_8층지원실 | F1: 1차재고_창고 | G1: 1차재고_4층지원실 | H1: 1차재고_8층지원실 | I1: 2차재고_창고 | J1: 2차재고_4층지원실 | K1: 2차재고_8층지원실 | L1: 3차재고_창고 | M1: 3차재고_4층지원실 | N1: 3차재고_8층지원실 | O1: 4차재고_창고 | P1: 4차재고_4층지원실 | Q1: 4차재고_8층지원실 | R1: 5차재고_창고 | S1: 5차재고_4층지원실 | T1: 5차재고_8층지원실 | U1: 비고
A2: STK-0001 | B2: (강성욱) 사회문화 | C2: 11
A3: STK-0002 | B3: (강성욱) 정치와 법 | C3: 2
A4: STK-0003 | B4: (강원휘) 생명과학 | C4: 25
A5: STK-0004 | B5: (고낙기) 화학 | C5: 16
A6: STK-0005 | B6: (국어선택) 언어와매체 | C6: 8 | F6: 10
A7: STK-0006 | B7: (국어선택) 화법과작문 | C7: 15 | F7: 29
A8: STK-0007 | B8: (김종훈) 국어다지기_독서2 | C8: 140
A9: STK-0008 | B9: (김종훈) 국어다지기_문학2 | C9: 140
A10: STK-0009 | B10: (김춘근김희준) pop 2 | C10: 526
A11: STK-0010 | B11: (김춘근김희준) syntax 2 | C11: 526
A12: STK-0011 | B12: (김학림전종현) 쎄타_미적E수업 | C12: 7
A13: STK-0012 | B13: (김학림전종현) 쎄타_미적E피드백 | C13: 8
A14: STK-0013 | B14: (김학림전종현) 쎄타_수2E수업 | C14: 9
A15: STK-0014 | B15: (김학림전종현) 쎄타_수2E피드백 | C15: 9
A16: STK-0015 | B16: (김학림전종현) 쎄타_수2M수업 | C16: 11 | F16: 8
A17: STK-0016 | B17: (김학림전종현) 쎄타_수2M피드백 | C17: 9 | F17: 10
A18: STK-0017 | B18: (김학림전종현) 쎄타_확통M수업 | C18: 10 | F18: 8
A19: STK-0018 | B19: (김학림전종현) 쎄타_확통M피드백 | C19: 9 | F19: 10
A20: STK-0019 | B20: (백종수) 친절한백선생_독해풀이시즌2 | C20: 242
A21: STK-0020 | B21: (백종수) 친정한백선생_문학연계시즌2 | C21: 242
A22: STK-0021 | B22: (성열상) 물리 | C22: 11
A23: STK-0022 | B23: (수매깨7주차) J | C23: 60
A24: STK-0023 | B24: (수매깨7주차) M | C24: 122
A25: STK-0024 | B25: (수매깨7주차) Q | C25: 184
A26: STK-0025 | B26: (수매깨7주차) S | C26: 132
A27: STK-0026 | B27: (수매깨7주차) T | C27: 174
A28: STK-0027 | B28: (신인섭) 동아시아사 | C28: 6
A29: STK-0028 | B29: (신인섭) 세계사 | C29: 5
A30: STK-0029 | B30: (신현철) 메멘토_미적(수업) | C30: 9 | F30: 6
A31: STK-0030 | B31: (신현철) 메멘토_미적(피드백) | C31: 9 | F31: 6
A32: STK-0031 | B32: (신현철) 메멘토_수2(수업) | C32: 19 | F32: 6
A33: STK-0032 | B33: (신현철) 메멘토_수2(피드백) | C33: 20 | F33: 6
A34: STK-0033 | B34: (신현철) 메멘토_확통(수업) | C34: 9
A35: STK-0034 | B35: (신현철) 메멘토_확통(피드백) | C35: 9
A36: STK-0035 | B36: (이민호A) 노플_미적(피드백) | C36: 6
A37: STK-0036 | B37: (이민호A) 노플_수2(피드백) | C37: 14
A38: STK-0037 | B38: (이민호A) 노플_확통(피드백) | C38: 6
A39: STK-0038 | B39: (이민호A) 인사이트_미적(수업) | C39: 6
A40: STK-0039 | B40: (이민호A) 인사이트_수2(수업) | C40: 14
A41: STK-0040 | B41: (이민호A) 인사이트_확통(수업) | C41: 6
A42: STK-0041 | B42: (이민호B) 단기록_수2(피드백) | C42: 3
A43: STK-0042 | B43: (이민호B) 단기록_확통(피드백) | C43: 2
A44: STK-0043 | B44: (이민호B) 수해록_수2(수업) | C44: 1
A45: STK-0044 | B45: (이민호B) 수해록_확통(수업) | C45: 3
... A59: STK-0058 | B59: (진명화) 에센셜_확통(수업) | C59: 3
A60: STK-0059 | B60: (진명화) 에센셜+_수2(수업) | C60: 3 | F60: 4
A61: STK-0060 | B61: (진명화) 에센셜+_확통(수업) | C61: 3 | F61: 4
A62: STK-0061 | B62: (진명화) 에센스_수2(피드백) | C62: 3
A63: STK-0062 | B63: (진명화) 에센스_확통(피드백) | C63: 7 | F63: 4
A64: STK-0063 | B64: (진명화) 에센스+_수2(피드백) | C64: 3 | F64: 4
A65: STK-0064 | B65: (최성주) 사회문화 | C65: 1 | F65: 15
A66: STK-0065 | B66: (한진구) 생활과 윤리 | C66: 1 | F66: 10
A67: STK-0066 | B67: (한진구) 윤리와 사상 | C67: 5
A68: STK-0067 | B68: (국매깨) 9주차 | C68: 663
A69: STK-0068 | B69: (영매깨) 1학기 | C69: 11 | F69: 20
A70: STK-0069 | B70: TEST 교재1 | C70: 10 | F70: 5
A71: STK-0070 | B71: (수매깨8주차) J | C71: 60
A72: STK-0071 | B72: (수매깨8주차) M | C72: 122
A73: STK-0072 | B73: (수매깨8주차) Q | C73: 184
A74: STK-0073 | B74: (수매깨8주차) S | C74: 132
A75: STK-0074 | B75: (수매깨8주차) T | C75: 174
A76: STK-0075 | B76: (국매깨) 10주차 | C76: 667
A77: STK-0076
A78: STK-0077
A79: STK-0078
A80: STK-0079
A81: STK-0080
A82: STK-0081
A83: STK-0082
A84: STK-0083
A85: STK-0084
A86: STK-0085
A87: STK-0086
A88: STK-0087
... A221: STK-0220

Sheet 재고이동로그
A1: 이동ID | B1: 이동일 | C1: 반명 | D1: 출발장소 | E1: 도착장소 | F1: 수량 | G1: 담당자 | H1: 비고

Sheet 특이사항모아보기
A1: 특이사항 학생 모아보기
A3: 배부일 | B3: 학생명 | C3: 반명 | D3: 배부장소 | E3: 수량 | F3: 특이사항유형 | G3: 특이사항내용 | H3: 담당자
A4: =IFERROR(__xludf.DUMMYFUNCTION("IFERROR( FILTER( { TEXT('배부로그'!B2:B1000,""yyyy-mm-dd""), '배부로그'!C2:C1000, '배부로그'!D2:D1000, '배부로그'!F2:F1000, '배부로그'!G2:G1000, '배부로그'!I2:I1000, '배부로그'!J2:J1000, '배부로그'!K2:K1000 }, ( ('배부로그'"&"!H2:H1000=""Y"")+ ('배부로그'!H2:H1000=TRUE)+ ('배부로그'!I2:I1000<>"""")+ ('배부로그'!J2:J1000<>"""") )>0, '배부로그'!L2:L1000=""배부"" ), ""해당 내역 없음"" )"),"2026-04-03") -> 2026-04-03 | B4: =IFERROR(__xludf.DUMMYFUNCTION("""COMPUTED_VALUE"""),"황수현6530") -> 황수현6530 | C4: =IFERROR(__xludf.DUMMYFUNCTION("""COMPUTED_VALUE"""),"301 전종현 수2") -> 301 전종현 수2 | D4: =IFERROR(__xludf.DUMMYFUNCTION("""COMPUTED_VALUE"""),"창고") -> 창고 | E4: =IFERROR(__xludf.DUMMYFUNCTION("""COMPUTED_VALUE"""),1.0) -> 1 | F4: =IFERROR(__xludf.DUMMYFUNCTION("""COMPUTED_VALUE"""),"기타") -> 기타 | G4: =IFERROR(__xludf.DUMMYFUNCTION("""COMPUTED_VALUE"""),"신규") -> 신규
A5: =IFERROR(__xludf.DUMMYFUNCTION("""COMPUTED_VALUE"""),"2026-04-03") -> 2026-04-03 | B5: =IFERROR(__xludf.DUMMYFUNCTION("""COMPUTED_VALUE"""),"황수현6530") -> 황수현6530 | C5: =IFERROR(__xludf.DUMMYFUNCTION("""COMPUTED_VALUE"""),"세타 수2") -> 세타 수2 | D5: =IFERROR(__xludf.DUMMYFUNCTION("""COMPUTED_VALUE"""),"창고") -> 창고 | E5: =IFERROR(__xludf.DUMMYFUNCTION("""COMPUTED_VALUE"""),1.0) -> 1 | F5: =IFERROR(__xludf.DUMMYFUNCTION("""COMPUTED_VALUE"""),"기타") -> 기타 | G5: =IFERROR(__xludf.DUMMYFUNCTION("""COMPUTED_VALUE"""),"신규") -> 신규
A6: =IFERROR(__xludf.DUMMYFUNCTION("""COMPUTED_VALUE"""),"2026-04-03") -> 2026-04-03 | B6: =IFERROR(__xludf.DUMMYFUNCTION("""COMPUTED_VALUE"""),"김지유") -> 김지유 | C6: =IFERROR(__xludf.DUMMYFUNCTION("""COMPUTED_VALUE"""),"수매깨 김지유 테스트") -> 수매깨 김지유 테스트 | E6: =IFERROR(__xludf.DUMMYFUNCTION("""COMPUTED_VALUE"""),1.0) -> 1 | F6: =IFERROR(__xludf.DUMMYFUNCTION("""COMPUTED_VALUE"""),"기타") -> 기타 | G6: =IFERROR(__xludf.DUMMYFUNCTION("""COMPUTED_VALUE"""),"테스트") -> 테스트
A7: =IFERROR(__xludf.DUMMYFUNCTION("""COMPUTED_VALUE"""),"2026-04-03") -> 2026-04-03 | B7: =IFERROR(__xludf.DUMMYFUNCTION("""COMPUTED_VALUE"""),"김지유") -> 김지유 | C7: =IFERROR(__xludf.DUMMYFUNCTION("""COMPUTED_VALUE"""),"국매깨 김지유 테스트") -> 국매깨 김지유 테스트 | D7: =IFERROR(__xludf.DUMMYFUNCTION("""COMPUTED_VALUE"""),"창고") -> 창고 | E7: =IFERROR(__xludf.DUMMYFUNCTION("""COMPUTED_VALUE"""),1.0) -> 1 | F7: =IFERROR(__xludf.DUMMYFUNCTION("""COMPUTED_VALUE"""),"기타") -> 기타 | G7: =IFERROR(__xludf.DUMMYFUNCTION("""COMPUTED_VALUE"""),"테스트") -> 테스트
A8: =IFERROR(__xludf.DUMMYFUNCTION("""COMPUTED_VALUE"""),"2026-04-03") -> 2026-04-03 | B8: =IFERROR(__xludf.DUMMYFUNCTION("""COMPUTED_VALUE"""),"박상언") -> 박상언 | C8: =IFERROR(__xludf.DUMMYFUNCTION("""COMPUTED_VALUE"""),"국매깨2-4 박상언 테스트") -> 국매깨2-4 박상언 테스트 | D8: =IFERROR(__xludf.DUMMYFUNCTION("""COMPUTED_VALUE"""),"8층지원실") -> 8층지원실 | E8: =IFERROR(__xludf.DUMMYFUNCTION("""COMPUTED_VALUE"""),1.0) -> 1 | F8: =IFERROR(__xludf.DUMMYFUNCTION("""COMPUTED_VALUE"""),"기타") -> 기타 | G8: =IFERROR(__xludf.DUMMYFUNCTION("""COMPUTED_VALUE"""),"입학") -> 입학
A9: =IFERROR(__xludf.DUMMYFUNCTION("""COMPUTED_VALUE"""),"2026-04-03") -> 2026-04-03 | B9: =IFERROR(__xludf.DUMMYFUNCTION("""COMPUTED_VALUE"""),"박상언") -> 박상언 | C9: =IFERROR(__xludf.DUMMYFUNCTION("""COMPUTED_VALUE"""),"국어1 박상언 테스트") -> 국어1 박상언 테스트 | D9: =IFERROR(__xludf.DUMMYFUNCTION("""COMPUTED_VALUE"""),"창고") -> 창고 | E9: =IFERROR(__xludf.DUMMYFUNCTION("""COMPUTED_VALUE"""),2.0) -> 2 | F9: =IFERROR(__xludf.DUMMYFUNCTION("""COMPUTED_VALUE"""),"기타") -> 기타 | G9: =IFERROR(__xludf.DUMMYFUNCTION("""COMPUTED_VALUE"""),"테스트") -> 테스트
A10: =IFERROR(__xludf.DUMMYFUNCTION("""COMPUTED_VALUE"""),"2026-04-03") -> 2026-04-03 | B10: =IFERROR(__xludf.DUMMYFUNCTION("""COMPUTED_VALUE"""),"박상언") -> 박상언 | C10: =IFERROR(__xludf.DUMMYFUNCTION("""COMPUTED_VALUE"""),"사회문화1 박상언 테스트") -> 사회문화1 박상언 테스트 | D10: =IFERROR(__xludf.DUMMYFUNCTION("""COMPUTED_VALUE"""),"창고") -> 창고 | E10: =IFERROR(__xludf.DUMMYFUNCTION("""COMPUTED_VALUE"""),1.0) -> 1 | F10: =IFERROR(__xludf.DUMMYFUNCTION("""COMPUTED_VALUE"""),"기타") -> 기타 | G10: =IFERROR(__xludf.DUMMYFUNCTION("""COMPUTED_VALUE"""),"테스트") -> 테스트
A11: =IFERROR(__xludf.DUMMYFUNCTION("""COMPUTED_VALUE"""),"2026-04-03") -> 2026-04-03 | B11: =IFERROR(__xludf.DUMMYFUNCTION("""COMPUTED_VALUE"""),"박상언") -> 박상언 | C11: =IFERROR(__xludf.DUMMYFUNCTION("""COMPUTED_VALUE"""),"수학1 박상언 테스트") -> 수학1 박상언 테스트 | D11: =IFERROR(__xludf.DUMMYFUNCTION("""COMPUTED_VALUE"""),"창고") -> 창고 | E11: =IFERROR(__xludf.DUMMYFUNCTION("""COMPUTED_VALUE"""),1.0) -> 1 | F11: =IFERROR(__xludf.DUMMYFUNCTION("""COMPUTED_VALUE"""),"기타") -> 기타 | G11: =IFERROR(__xludf.DUMMYFUNCTION("""COMPUTED_VALUE"""),"테스트") -> 테스트
A12: =IFERROR(__xludf.DUMMYFUNCTION("""COMPUTED_VALUE"""),"2026-04-03") -> 2026-04-03 | B12: =IFERROR(__xludf.DUMMYFUNCTION("""COMPUTED_VALUE"""),"(5)강유찬8685") -> (5)강유찬8685 | C12: =IFERROR(__xludf.DUMMYFUNCTION("""COMPUTED_VALUE"""),"정규(수)701A 영어 김희준") -> 정규(수)701A 영어 김희준 | D12: =IFERROR(__xludf.DUMMYFUNCTION("""COMPUTED_VALUE"""),"창고") -> 창고 | E12: =IFERROR(__xludf.DUMMYFUNCTION("""COMPUTED_VALUE"""),1.0) -> 1 | F12: =IFERROR(__xludf.DUMMYFUNCTION("""COMPUTED_VALUE"""),"기타") -> 기타 | G12: =IFERROR(__xludf.DUMMYFUNCTION("""COMPUTED_VALUE"""),"신규") -> 신규
A13: =IFERROR(__xludf.DUMMYFUNCTION("""COMPUTED_VALUE"""),"2026-04-04") -> 2026-04-04 | B13: =IFERROR(__xludf.DUMMYFUNCTION("""COMPUTED_VALUE"""),"조상혁0315") -> 조상혁0315 | C13: =IFERROR(__xludf.DUMMYFUNCTION("""COMPUTED_VALUE"""),"(국어선택) 화법과작문") -> (국어선택) 화법과작문 | D13: =IFERROR(__xludf.DUMMYFUNCTION("""COMPUTED_VALUE"""),"창고") -> 창고 | E13: =IFERROR(__xludf.DUMMYFUNCTION("""COMPUTED_VALUE"""),1.0) -> 1 | F13: =IFERROR(__xludf.DUMMYFUNCTION("""COMPUTED_VALUE"""),"기타") -> 기타 | G13: =IFERROR(__xludf.DUMMYFUNCTION("""COMPUTED_VALUE"""),"신규") -> 신규
A14: =IFERROR(__xludf.DUMMYFUNCTION("""COMPUTED_VALUE"""),"2026-04-04") -> 2026-04-04 | B14: =IFERROR(__xludf.DUMMYFUNCTION("""COMPUTED_VALUE"""),"조상혁0315") -> 조상혁0315 | C14: =IFERROR(__xludf.DUMMYFUNCTION("""COMPUTED_VALUE"""),"(김학림전종현) 쎄타_미적E수업") -> (김학림전종현) 쎄타_미적E수업 | D14: =IFERROR(__xludf.DUMMYFUNCTION("""COMPUTED_VALUE"""),"창고") -> 창고 | E14: =IFERROR(__xludf.DUMMYFUNCTION("""COMPUTED_VALUE"""),1.0) -> 1 | F14: =IFERROR(__xludf.DUMMYFUNCTION("""COMPUTED_VALUE"""),"기타") -> 기타 | G14: =IFERROR(__xludf.DUMMYFUNCTION("""COMPUTED_VALUE"""),"신규") -> 신규
A15: =IFERROR(__xludf.DUMMYFUNCTION("""COMPUTED_VALUE"""),"2026-04-04") -> 2026-04-04 | B15: =IFERROR(__xludf.DUMMYFUNCTION("""COMPUTED_VALUE"""),"조상혁0315") -> 조상혁0315 | C15: =IFERROR(__xludf.DUMMYFUNCTION("""COMPUTED_VALUE"""),"(국어선택) 화법과작문") -> (국어선택) 화법과작문 | D15: =IFERROR(__xludf.DUMMYFUNCTION("""COMPUTED_VALUE"""),"창고") -> 창고 | E15: =IFERROR(__xludf.DUMMYFUNCTION("""COMPUTED_VALUE"""),1.0) -> 1 | F15: =IFERROR(__xludf.DUMMYFUNCTION("""COMPUTED_VALUE"""),"기타") -> 기타 | G15: =IFERROR(__xludf.DUMMYFUNCTION("""COMPUTED_VALUE"""),"신규") -> 신규
A16: =IFERROR(__xludf.DUMMYFUNCTION("""COMPUTED_VALUE"""),"2026-04-04") -> 2026-04-04 | B16: =IFERROR(__xludf.DUMMYFUNCTION("""COMPUTED_VALUE"""),"조상혁0315") -> 조상혁0315 | C16: =IFERROR(__xludf.DUMMYFUNCTION("""COMPUTED_VALUE"""),"(김학림전종현) 쎄타_미적E수업") -> (김학림전종현) 쎄타_미적E수업 | D16: =IFERROR(__xludf.DUMMYFUNCTION("""COMPUTED_VALUE"""),"창고") -> 창고 | E16: =IFERROR(__xludf.DUMMYFUNCTION("""COMPUTED_VALUE"""),1.0) -> 1 | F16: =IFERROR(__xludf.DUMMYFUNCTION("""COMPUTED_VALUE"""),"기타") -> 기타 | G16: =IFERROR(__xludf.DUMMYFUNCTION("""COMPUTED_VALUE"""),"신규") -> 신규
A17: =IFERROR(__xludf.DUMMYFUNCTION("""COMPUTED_VALUE"""),"2026-04-04") -> 2026-04-04 | B17: =IFERROR(__xludf.DUMMYFUNCTION("""COMPUTED_VALUE"""),"조상혁0315") -> 조상혁0315 | C17: =IFERROR(__xludf.DUMMYFUNCTION("""COMPUTED_VALUE"""),"(김학림전종현) 쎄타_미적E피드백") -> (김학림전종현) 쎄타_미적E피드백 | D17: =IFERROR(__xludf.DUMMYFUNCTION("""COMPUTED_VALUE"""),"창고") -> 창고 | E17: =IFERROR(__xludf.DUMMYFUNCTION("""COMPUTED_VALUE"""),1.0) -> 1 | F17: =IFERROR(__xludf.DUMMYFUNCTION("""COMPUTED_VALUE"""),"기타") -> 기타 | G17: =IFERROR(__xludf.DUMMYFUNCTION("""COMPUTED_VALUE"""),"신규") -> 신규
A18: =IFERROR(__xludf.DUMMYFUNCTION("""COMPUTED_VALUE"""),"2026-04-04") -> 2026-04-04 | B18: =IFERROR(__xludf.DUMMYFUNCTION("""COMPUTED_VALUE"""),"조상혁0315") -> 조상혁0315 | C18: =IFERROR(__xludf.DUMMYFUNCTION("""COMPUTED_VALUE"""),"(김학림전종현) 쎄타_수2E수업") -> (김학림전종현) 쎄타_수2E수업 | D18: =IFERROR(__xludf.DUMMYFUNCTION("""COMPUTED_VALUE"""),"창고") -> 창고 | E18: =IFERROR(__xludf.DUMMYFUNCTION("""COMPUTED_VALUE"""),1.0) -> 1 | F18: =IFERROR(__xludf.DUMMYFUNCTION("""COMPUTED_VALUE"""),"기타") -> 기타 | G18: =IFERROR(__xludf.DUMMYFUNCTION("""COMPUTED_VALUE"""),"신규") -> 신규
A19: =IFERROR(__xludf.DUMMYFUNCTION("""COMPUTED_VALUE"""),"2026-04-04") -> 2026-04-04 | B19: =IFERROR(__xludf.DUMMYFUNCTION("""COMPUTED_VALUE"""),"조상혁0315") -> 조상혁0315 | C19: =IFERROR(__xludf.DUMMYFUNCTION("""COMPUTED_VALUE"""),"(김학림전종현) 쎄타_수2E피드백") -> (김학림전종현) 쎄타_수2E피드백 | D19: =IFERROR(__xludf.DUMMYFUNCTION("""COMPUTED_VALUE"""),"창고") -> 창고 | E19: =IFERROR(__xludf.DUMMYFUNCTION("""COMPUTED_VALUE"""),1.0) -> 1 | F19: =IFERROR(__xludf.DUMMYFUNCTION("""COMPUTED_VALUE"""),"기타") -> 기타 | G19: =IFERROR(__xludf.DUMMYFUNCTION("""COMPUTED_VALUE"""),"신규") -> 신규
A20: =IFERROR(__xludf.DUMMYFUNCTION("""COMPUTED_VALUE"""),"2026-04-04") -> 2026-04-04 | B20: =IFERROR(__xludf.DUMMYFUNCTION("""COMPUTED_VALUE"""),"조상혁0315") -> 조상혁0315 | C20: =IFERROR(__xludf.DUMMYFUNCTION("""COMPUTED_VALUE"""),"(장진민) 생활과 윤리") -> (장진민) 생활과 윤리 | D20: =IFERROR(__xludf.DUMMYFUNCTION("""COMPUTED_VALUE"""),"창고") -> 창고 | E20: =IFERROR(__xludf.DUMMYFUNCTION("""COMPUTED_VALUE"""),1.0) -> 1 | F20: =IFERROR(__xludf.DUMMYFUNCTION("""COMPUTED_VALUE"""),"기타") -> 기타 | G20: =IFERROR(__xludf.DUMMYFUNCTION("""COMPUTED_VALUE"""),"신규") -> 신규
A21: =IFERROR(__xludf.DUMMYFUNCTION("""COMPUTED_VALUE"""),"2026-04-04") -> 2026-04-04 | B21: =IFERROR(__xludf.DUMMYFUNCTION("""COMPUTED_VALUE"""),"김진영2280") -> 김진영2280 | C21: =IFERROR(__xludf.DUMMYFUNCTION("""COMPUTED_VALUE"""),"(강성욱) 사회문화") -> (강성욱) 사회문화 | D21: =IFERROR(__xludf.DUMMYFUNCTION("""COMPUTED_VALUE"""),"창고") -> 창고 | E21: =IFERROR(__xludf.DUMMYFUNCTION("""COMPUTED_VALUE"""),1.0) -> 1 | F21: =IFERROR(__xludf.DUMMYFUNCTION("""COMPUTED_VALUE"""),"기타") -> 기타 | G21: =IFERROR(__xludf.DUMMYFUNCTION("""COMPUTED_VALUE"""),"신규") -> 신규
A22: =IFERROR(__xludf.DUMMYFUNCTION("""COMPUTED_VALUE"""),"2026-04-04") -> 2026-04-04 | B22: =IFERROR(__xludf.DUMMYFUNCTION("""COMPUTED_VALUE"""),"김진영2280") -> 김진영2280 | C22: =IFERROR(__xludf.DUMMYFUNCTION("""COMPUTED_VALUE"""),"(국어선택) 언어와매체") -> (국어선택) 언어와매체 | D22: =IFERROR(__xludf.DUMMYFUNCTION("""COMPUTED_VALUE"""),"창고") -> 창고 | E22: =IFERROR(__xludf.DUMMYFUNCTION("""COMPUTED_VALUE"""),1.0) -> 1 | F22: =IFERROR(__xludf.DUMMYFUNCTION("""COMPUTED_VALUE"""),"기타") -> 기타 | G22: =IFERROR(__xludf.DUMMYFUNCTION("""COMPUTED_VALUE"""),"신규") -> 신규
A23: =IFERROR(__xludf.DUMMYFUNCTION("""COMPUTED_VALUE"""),"2026-04-04") -> 2026-04-04 | B23: =IFERROR(__xludf.DUMMYFUNCTION("""COMPUTED_VALUE"""),"김진영2280") -> 김진영2280 | C23: =IFERROR(__xludf.DUMMYFUNCTION("""COMPUTED_VALUE"""),"(신현철) 메멘토_미적(수업)") -> (신현철) 메멘토_미적(수업) | D23: =IFERROR(__xludf.DUMMYFUNCTION("""COMPUTED_VALUE"""),"창고") -> 창고 | E23: =IFERROR(__xludf.DUMMYFUNCTION("""COMPUTED_VALUE"""),1.0) -> 1 | F23: =IFERROR(__xludf.DUMMYFUNCTION("""COMPUTED_VALUE"""),"기타") -> 기타 | G23: =IFERROR(__xludf.DUMMYFUNCTION("""COMPUTED_VALUE"""),"신규") -> 신규
A24: =IFERROR(__xludf.DUMMYFUNCTION("""COMPUTED_VALUE"""),"2026-04-04") -> 2026-04-04 | B24: =IFERROR(__xludf.DUMMYFUNCTION("""COMPUTED_VALUE"""),"김진영2280") -> 김진영2280 | C24: =IFERROR(__xludf.DUMMYFUNCTION("""COMPUTED_VALUE"""),"(신현철) 메멘토_미적(피드백)") -> (신현철) 메멘토_미적(피드백) | D24: =IFERROR(__xludf.DUMMYFUNCTION("""COMPUTED_VALUE"""),"창고") -> 창고 | E24: =IFERROR(__xludf.DUMMYFUNCTION("""COMPUTED_VALUE"""),1.0) -> 1 | F24: =IFERROR(__xludf.DUMMYFUNCTION("""COMPUTED_VALUE"""),"기타") -> 기타 | G24: =IFERROR(__xludf.DUMMYFUNCTION("""COMPUTED_VALUE"""),"신규") -> 신규
A25: =IFERROR(__xludf.DUMMYFUNCTION("""COMPUTED_VALUE"""),"2026-04-04") -> 2026-04-04 | B25: =IFERROR(__xludf.DUMMYFUNCTION("""COMPUTED_VALUE"""),"김진영2280") -> 김진영2280 | C25: =IFERROR(__xludf.DUMMYFUNCTION("""COMPUTED_VALUE"""),"(신현철) 메멘토_수2(수업)") -> (신현철) 메멘토_수2(수업) | D25: =IFERROR(__xludf.DUMMYFUNCTION("""COMPUTED_VALUE"""),"창고") -> 창고 | E25: =IFERROR(__xludf.DUMMYFUNCTION("""COMPUTED_VALUE"""),1.0) -> 1 | F25: =IFERROR(__xludf.DUMMYFUNCTION("""COMPUTED_VALUE"""),"기타") -> 기타 | G25: =IFERROR(__xludf.DUMMYFUNCTION("""COMPUTED_VALUE"""),"신규") -> 신규
A26: =IFERROR(__xludf.DUMMYFUNCTION("""COMPUTED_VALUE"""),"2026-04-04") -> 2026-04-04 | B26: =IFERROR(__xludf.DUMMYFUNCTION("""COMPUTED_VALUE"""),"김진영2280") -> 김진영2280 | C26: =IFERROR(__xludf.DUMMYFUNCTION("""COMPUTED_VALUE"""),"(신현철) 메멘토_수2(피드백)") -> (신현철) 메멘토_수2(피드백) | D26: =IFERROR(__xludf.DUMMYFUNCTION("""COMPUTED_VALUE"""),"창고") -> 창고 | E26: =IFERROR(__xludf.DUMMYFUNCTION("""COMPUTED_VALUE"""),1.0) -> 1 | F26: =IFERROR(__xludf.DUMMYFUNCTION("""COMPUTED_VALUE"""),"기타") -> 기타 | G26: =IFERROR(__xludf.DUMMYFUNCTION("""COMPUTED_VALUE"""),"신규") -> 신규
A27: =IFERROR(__xludf.DUMMYFUNCTION("""COMPUTED_VALUE"""),"2026-04-04") -> 2026-04-04 | B27: =IFERROR(__xludf.DUMMYFUNCTION("""COMPUTED_VALUE"""),"김진영2280") -> 김진영2280 | C27: =IFERROR(__xludf.DUMMYFUNCTION("""COMPUTED_VALUE"""),"(이승국) 세계지리") -> (이승국) 세계지리 | D27: =IFERROR(__xludf.DUMMYFUNCTION("""COMPUTED_VALUE"""),"창고") -> 창고 | E27: =IFERROR(__xludf.DUMMYFUNCTION("""COMPUTED_VALUE"""),1.0) -> 1 | F27: =IFERROR(__xludf.DUMMYFUNCTION("""COMPUTED_VALUE"""),"기타") -> 기타 | G27: =IFERROR(__xludf.DUMMYFUNCTION("""COMPUTED_VALUE"""),"신규") -> 신규
A28: =IFERROR(__xludf.DUMMYFUNCTION("""COMPUTED_VALUE"""),"2026-04-04") -> 2026-04-04 | B28: =IFERROR(__xludf.DUMMYFUNCTION("""COMPUTED_VALUE"""),"김서우9330") -> 김서우9330 | C28: =IFERROR(__xludf.DUMMYFUNCTION("""COMPUTED_VALUE"""),"(강원휘) 생명과학") -> (강원휘) 생명과학 | D28: =IFERROR(__xludf.DUMMYFUNCTION("""COMPUTED_VALUE"""),"창고") -> 창고 | E28: =IFERROR(__xludf.DUMMYFUNCTION("""COMPUTED_VALUE"""),1.0) -> 1 | F28: =IFERROR(__xludf.DUMMYFUNCTION("""COMPUTED_VALUE"""),"기타") -> 기타 | G28: =IFERROR(__xludf.DUMMYFUNCTION("""COMPUTED_VALUE"""),"신규") -> 신규
A29: =IFERROR(__xludf.DUMMYFUNCTION("""COMPUTED_VALUE"""),"2026-04-04") -> 2026-04-04 | B29: =IFERROR(__xludf.DUMMYFUNCTION("""COMPUTED_VALUE"""),"김서우9330") -> 김서우9330 | C29: =IFERROR(__xludf.DUMMYFUNCTION("""COMPUTED_VALUE"""),"(국어선택) 화법과작문") -> (국어선택) 화법과작문 | D29: =IFERROR(__xludf.DUMMYFUNCTION("""COMPUTED_VALUE"""),"창고") -> 창고 | E29: =IFERROR(__xludf.DUMMYFUNCTION("""COMPUTED_VALUE"""),1.0) -> 1 | F29: =IFERROR(__xludf.DUMMYFUNCTION("""COMPUTED_VALUE"""),"기타") -> 기타 | G29: =IFERROR(__xludf.DUMMYFUNCTION("""COMPUTED_VALUE"""),"신규") -> 신규
A30: =IFERROR(__xludf.DUMMYFUNCTION("""COMPUTED_VALUE"""),"2026-04-04") -> 2026-04-04 | B30: =IFERROR(__xludf.DUMMYFUNCTION("""COMPUTED_VALUE"""),"김서우9330") -> 김서우9330 | C30: =IFERROR(__xludf.DUMMYFUNCTION("""COMPUTED_VALUE"""),"(신현철) 메멘토_미적(수업)") -> (신현철) 메멘토_미적(수업) | D30: =IFERROR(__xludf.DUMMYFUNCTION("""COMPUTED_VALUE"""),"창고") -> 창고 | E30: =IFERROR(__xludf.DUMMYFUNCTION("""COMPUTED_VALUE"""),1.0) -> 1 | F30: =IFERROR(__xludf.DUMMYFUNCTION("""COMPUTED_VALUE"""),"기타") -> 기타 | G30: =IFERROR(__xludf.DUMMYFUNCTION("""COMPUTED_VALUE"""),"신규") -> 신규
A31: =IFERROR(__xludf.DUMMYFUNCTION("""COMPUTED_VALUE"""),"2026-04-04") -> 2026-04-04 | B31: =IFERROR(__xludf.DUMMYFUNCTION("""COMPUTED_VALUE"""),"김서우9330") -> 김서우9330 | C31: =IFERROR(__xludf.DUMMYFUNCTION("""COMPUTED_VALUE"""),"(신현철) 메멘토_미적(피드백)") -> (신현철) 메멘토_미적(피드백) | D31: =IFERROR(__xludf.DUMMYFUNCTION("""COMPUTED_VALUE"""),"창고") -> 창고 | E31: =IFERROR(__xludf.DUMMYFUNCTION("""COMPUTED_VALUE"""),1.0) -> 1 | F31: =IFERROR(__xludf.DUMMYFUNCTION("""COMPUTED_VALUE"""),"기타") -> 기타 | G31: =IFERROR(__xludf.DUMMYFUNCTION("""COMPUTED_VALUE"""),"신규") -> 신규
A32: =IFERROR(__xludf.DUMMYFUNCTION("""COMPUTED_VALUE"""),"2026-04-04") -> 2026-04-04 | B32: =IFERROR(__xludf.DUMMYFUNCTION("""COMPUTED_VALUE"""),"김서우9330") -> 김서우9330 | C32: =IFERROR(__xludf.DUMMYFUNCTION("""COMPUTED_VALUE"""),"(신현철) 메멘토_수2(수업)") -> (신현철) 메멘토_수2(수업) | D32: =IFERROR(__xludf.DUMMYFUNCTION("""COMPUTED_VALUE"""),"창고") -> 창고 | E32: =IFERROR(__xludf.DUMMYFUNCTION("""COMPUTED_VALUE"""),1.0) -> 1 | F32: =IFERROR(__xludf.DUMMYFUNCTION("""COMPUTED_VALUE"""),"기타") -> 기타 | G32: =IFERROR(__xludf.DUMMYFUNCTION("""COMPUTED_VALUE"""),"신규") -> 신규
A33: =IFERROR(__xludf.DUMMYFUNCTION("""COMPUTED_VALUE"""),"2026-04-04") -> 2026-04-04 | B33: =IFERROR(__xludf.DUMMYFUNCTION("""COMPUTED_VALUE"""),"김서우9330") -> 김서우9330 | C33: =IFERROR(__xludf.DUMMYFUNCTION("""COMPUTED_VALUE"""),"(신현철) 메멘토_수2(피드백)") -> (신현철) 메멘토_수2(피드백) | D33: =IFERROR(__xludf.DUMMYFUNCTION("""COMPUTED_VALUE"""),"창고") -> 창고 | E33: =IFERROR(__xludf.DUMMYFUNCTION("""COMPUTED_VALUE"""),1.0) -> 1 | F33: =IFERROR(__xludf.DUMMYFUNCTION("""COMPUTED_VALUE"""),"기타") -> 기타 | G33: =IFERROR(__xludf.DUMMYFUNCTION("""COMPUTED_VALUE"""),"신규") -> 신규
A34: =IFERROR(__xludf.DUMMYFUNCTION("""COMPUTED_VALUE"""),"2026-04-04") -> 2026-04-04 | B34: =IFERROR(__xludf.DUMMYFUNCTION("""COMPUTED_VALUE"""),"김서우9330") -> 김서우9330 | C34: =IFERROR(__xludf.DUMMYFUNCTION("""COMPUTED_VALUE"""),"(장진민) 생활과 윤리") -> (장진민) 생활과 윤리 | D34: =IFERROR(__xludf.DUMMYFUNCTION("""COMPUTED_VALUE"""),"창고") -> 창고 | E34: =IFERROR(__xludf.DUMMYFUNCTION("""COMPUTED_VALUE"""),1.0) -> 1 | F34: =IFERROR(__xludf.DUMMYFUNCTION("""COMPUTED_VALUE"""),"기타") -> 기타 | G34: =IFERROR(__xludf.DUMMYFUNCTION("""COMPUTED_VALUE"""),"신규") -> 신규
A35: =IFERROR(__xludf.DUMMYFUNCTION("""COMPUTED_VALUE"""),"2026-04-04") -> 2026-04-04 | B35: =IFERROR(__xludf.DUMMYFUNCTION("""COMPUTED_VALUE"""),"최정은9852") -> 최정은9852 | C35: =IFERROR(__xludf.DUMMYFUNCTION("""COMPUTED_VALUE"""),"(강성욱) 사회문화") -> (강성욱) 사회문화 | D35: =IFERROR(__xludf.DUMMYFUNCTION("""COMPUTED_VALUE"""),"창고") -> 창고 | E35: =IFERROR(__xludf.DUMMYFUNCTION("""COMPUTED_VALUE"""),1.0) -> 1 | F35: =IFERROR(__xludf.DUMMYFUNCTION("""COMPUTED_VALUE"""),"기타") -> 기타 | G35: =IFERROR(__xludf.DUMMYFUNCTION("""COMPUTED_VALUE"""),"신규") -> 신규
A36: =IFERROR(__xludf.DUMMYFUNCTION("""COMPUTED_VALUE"""),"2026-04-04") -> 2026-04-04 | B36: =IFERROR(__xludf.DUMMYFUNCTION("""COMPUTED_VALUE"""),"최정은9852") -> 최정은9852 | C36: =IFERROR(__xludf.DUMMYFUNCTION("""COMPUTED_VALUE"""),"(국어선택) 화법과작문") -> (국어선택) 화법과작문 | D36: =IFERROR(__xludf.DUMMYFUNCTION("""COMPUTED_VALUE"""),"창고") -> 창고 | E36: =IFERROR(__xludf.DUMMYFUNCTION("""COMPUTED_VALUE"""),1.0) -> 1 | F36: =IFERROR(__xludf.DUMMYFUNCTION("""COMPUTED_VALUE"""),"기타") -> 기타 | G36: =IFERROR(__xludf.DUMMYFUNCTION("""COMPUTED_VALUE"""),"신규") -> 신규
A37: =IFERROR(__xludf.DUMMYFUNCTION("""COMPUTED_VALUE"""),"2026-04-04") -> 2026-04-04 | B37: =IFERROR(__xludf.DUMMYFUNCTION("""COMPUTED_VALUE"""),"최정은9852") -> 최정은9852 | C37: =IFERROR(__xludf.DUMMYFUNCTION("""COMPUTED_VALUE"""),"(신현철) 메멘토_미적(수업)") -> (신현철) 메멘토_미적(수업) | D37: =IFERROR(__xludf.DUMMYFUNCTION("""COMPUTED_VALUE"""),"창고") -> 창고 | E37: =IFERROR(__xludf.DUMMYFUNCTION("""COMPUTED_VALUE"""),1.0) -> 1 | F37: =IFERROR(__xludf.DUMMYFUNCTION("""COMPUTED_VALUE"""),"기타") -> 기타 | G37: =IFERROR(__xludf.DUMMYFUNCTION("""COMPUTED_VALUE"""),"신규") -> 신규
A38: =IFERROR(__xludf.DUMMYFUNCTION("""COMPUTED_VALUE"""),"2026-04-04") -> 2026-04-04 | B38: =IFERROR(__xludf.DUMMYFUNCTION("""COMPUTED_VALUE"""),"최정은9852") -> 최정은9852 | C38: =IFERROR(__xludf.DUMMYFUNCTION("""COMPUTED_VALUE"""),"(신현철) 메멘토_미적(피드백)") -> (신현철) 메멘토_미적(피드백) | D38: =IFERROR(__xludf.DUMMYFUNCTION("""COMPUTED_VALUE"""),"창고") -> 창고 | E38: =IFERROR(__xludf.DUMMYFUNCTION("""COMPUTED_VALUE"""),1.0) -> 1 | F38: =IFERROR(__xludf.DUMMYFUNCTION("""COMPUTED_VALUE"""),"기타") -> 기타 | G38: =IFERROR(__xludf.DUMMYFUNCTION("""COMPUTED_VALUE"""),"신규") -> 신규
A39: =IFERROR(__xludf.DUMMYFUNCTION("""COMPUTED_VALUE"""),"2026-04-04") -> 2026-04-04 | B39: =IFERROR(__xludf.DUMMYFUNCTION("""COMPUTED_VALUE"""),"최정은9852") -> 최정은9852 | C39: =IFERROR(__xludf.DUMMYFUNCTION("""COMPUTED_VALUE"""),"(신현철) 메멘토_수2(수업)") -> (신현철) 메멘토_수2(수업) | D39: =IFERROR(__xludf.DUMMYFUNCTION("""COMPUTED_VALUE"""),"창고") -> 창고 | E39: =IFERROR(__xludf.DUMMYFUNCTION("""COMPUTED_VALUE"""),1.0) -> 1 | F39: =IFERROR(__xludf.DUMMYFUNCTION("""COMPUTED_VALUE"""),"기타") -> 기타 | G39: =IFERROR(__xludf.DUMMYFUNCTION("""COMPUTED_VALUE"""),"신규") -> 신규
A40: =IFERROR(__xludf.DUMMYFUNCTION("""COMPUTED_VALUE"""),"2026-04-04") -> 2026-04-04 | B40: =IFERROR(__xludf.DUMMYFUNCTION("""COMPUTED_VALUE"""),"최정은9852") -> 최정은9852 | C40: =IFERROR(__xludf.DUMMYFUNCTION("""COMPUTED_VALUE"""),"(신현철) 메멘토_수2(피드백)") -> (신현철) 메멘토_수2(피드백) | D40: =IFERROR(__xludf.DUMMYFUNCTION("""COMPUTED_VALUE"""),"창고") -> 창고 | E40: =IFERROR(__xludf.DUMMYFUNCTION("""COMPUTED_VALUE"""),1.0) -> 1 | F40: =IFERROR(__xludf.DUMMYFUNCTION("""COMPUTED_VALUE"""),"기타") -> 기타 | G40: =IFERROR(__xludf.DUMMYFUNCTION("""COMPUTED_VALUE"""),"신규") -> 신규
A41: =IFERROR(__xludf.DUMMYFUNCTION("""COMPUTED_VALUE"""),"2026-04-04") -> 2026-04-04 | B41: =IFERROR(__xludf.DUMMYFUNCTION("""COMPUTED_VALUE"""),"최정은9852") -> 최정은9852 | C41: =IFERROR(__xludf.DUMMYFUNCTION("""COMPUTED_VALUE"""),"(장병선) 지구과학") -> (장병선) 지구과학 | D41: =IFERROR(__xludf.DUMMYFUNCTION("""COMPUTED_VALUE"""),"창고") -> 창고 | E41: =IFERROR(__xludf.DUMMYFUNCTION("""COMPUTED_VALUE"""),1.0) -> 1 | F41: =IFERROR(__xludf.DUMMYFUNCTION("""COMPUTED_VALUE"""),"기타") -> 기타 | G41: =IFERROR(__xludf.DUMMYFUNCTION("""COMPUTED_VALUE"""),"신규") -> 신규
A42: =IFERROR(__xludf.DUMMYFUNCTION("""COMPUTED_VALUE"""),"2026-04-04") -> 2026-04-04 | B42: =IFERROR(__xludf.DUMMYFUNCTION("""COMPUTED_VALUE"""),"김지민9115") -> 김지민9115 | C42: =IFERROR(__xludf.DUMMYFUNCTION("""COMPUTED_VALUE"""),"(국어선택) 화법과작문") -> (국어선택) 화법과작문 | D42: =IFERROR(__xludf.DUMMYFUNCTION("""COMPUTED_VALUE"""),"창고") -> 창고 | E42: =IFERROR(__xludf.DUMMYFUNCTION("""COMPUTED_VALUE"""),1.0) -> 1 | F42: =IFERROR(__xludf.DUMMYFUNCTION("""COMPUTED_VALUE"""),"기타") -> 기타 | G42: =IFERROR(__xludf.DUMMYFUNCTION("""COMPUTED_VALUE"""),"신규") -> 신규
A43: =IFERROR(__xludf.DUMMYFUNCTION("""COMPUTED_VALUE"""),"2026-04-04") -> 2026-04-04 | B43: =IFERROR(__xludf.DUMMYFUNCTION("""COMPUTED_VALUE"""),"김지민9115") -> 김지민9115 | C43: =IFERROR(__xludf.DUMMYFUNCTION("""COMPUTED_VALUE"""),"(신현철) 메멘토_미적(수업)") -> (신현철) 메멘토_미적(수업) | D43: =IFERROR(__xludf.DUMMYFUNCTION("""COMPUTED_VALUE"""),"창고") -> 창고 | E43: =IFERROR(__xludf.DUMMYFUNCTION("""COMPUTED_VALUE"""),1.0) -> 1 | F43: =IFERROR(__xludf.DUMMYFUNCTION("""COMPUTED_VALUE"""),"기타") -> 기타 | G43: =IFERROR(__xludf.DUMMYFUNCTION("""COMPUTED_VALUE"""),"신규") -> 신규
A44: =IFERROR(__xludf.DUMMYFUNCTION("""COMPUTED_VALUE"""),"2026-04-04") -> 2026-04-04 | B44: =IFERROR(__xludf.DUMMYFUNCTION("""COMPUTED_VALUE"""),"김지민9115") -> 김지민9115 | C44: =IFERROR(__xludf.DUMMYFUNCTION("""COMPUTED_VALUE"""),"(신현철) 메멘토_미적(피드백)") -> (신현철) 메멘토_미적(피드백) | D44: =IFERROR(__xludf.DUMMYFUNCTION("""COMPUTED_VALUE"""),"창고") -> 창고 | E44: =IFERROR(__xludf.DUMMYFUNCTION("""COMPUTED_VALUE"""),1.0) -> 1 | F44: =IFERROR(__xludf.DUMMYFUNCTION("""COMPUTED_VALUE"""),"기타") -> 기타 | G44: =IFERROR(__xludf.DUMMYFUNCTION("""COMPUTED_VALUE"""),"신규") -> 신규
A45: =IFERROR(__xludf.DUMMYFUNCTION("""COMPUTED_VALUE"""),"2026-04-04") -> 2026-04-04 | B45: =IFERROR(__xludf.DUMMYFUNCTION("""COMPUTED_VALUE"""),"김지민9115") -> 김지민9115 | C45: =IFERROR(__xludf.DUMMYFUNCTION("""COMPUTED_VALUE"""),"(신현철) 메멘토_수2(수업)") -> (신현철) 메멘토_수2(수업) | D45: =IFERROR(__xludf.DUMMYFUNCTION("""COMPUTED_VALUE"""),"창고") -> 창고 | E45: =IFERROR(__xludf.DUMMYFUNCTION("""COMPUTED_VALUE"""),1.0) -> 1 | F45: =IFERROR(__xludf.DUMMYFUNCTION("""COMPUTED_VALUE"""),"기타") -> 기타 | G45: =IFERROR(__xludf.DUMMYFUNCTION("""COMPUTED_VALUE"""),"신규") -> 신규
A46: =IFERROR(__xludf.DUMMYFUNCTION("""COMPUTED_VALUE"""),"2026-04-04") -> 2026-04-04 | B46: =IFERROR(__xludf.DUMMYFUNCTION("""COMPUTED_VALUE"""),"김지민9115") -> 김지민9115 | C46: =IFERROR(__xludf.DUMMYFUNCTION("""COMPUTED_VALUE"""),"(신현철) 메멘토_수2(피드백)") -> (신현철) 메멘토_수2(피드백) | D46: =IFERROR(__xludf.DUMMYFUNCTION("""COMPUTED_VALUE"""),"창고") -> 창고 | E46: =IFERROR(__xludf.DUMMYFUNCTION("""COMPUTED_VALUE"""),1.0) -> 1 | F46: =IFERROR(__xludf.DUMMYFUNCTION("""COMPUTED_VALUE"""),"기타") -> 기타 | G46: =IFERROR(__xludf.DUMMYFUNCTION("""COMPUTED_VALUE"""),"신규") -> 신규
A47: =IFERROR(__xludf.DUMMYFUNCTION("""COMPUTED_VALUE"""),"2026-04-04") -> 2026-04-04 | B47: =IFERROR(__xludf.DUMMYFUNCTION("""COMPUTED_VALUE"""),"김지민9115") -> 김지민9115 | C47: =IFERROR(__xludf.DUMMYFUNCTION("""COMPUTED_VALUE"""),"(장진민) 생활과 윤리") -> (장진민) 생활과 윤리 | D47: =IFERROR(__xludf.DUMMYFUNCTION("""COMPUTED_VALUE"""),"창고") -> 창고 | E47: =IFERROR(__xludf.DUMMYFUNCTION("""COMPUTED_VALUE"""),1.0) -> 1 | F47: =IFERROR(__xludf.DUMMYFUNCTION("""COMPUTED_VALUE"""),"기타") -> 기타 | G47: =IFERROR(__xludf.DUMMYFUNCTION("""COMPUTED_VALUE"""),"신규") -> 신규
A48: =IFERROR(__xludf.DUMMYFUNCTION("""COMPUTED_VALUE"""),"2026-04-04") -> 2026-04-04 | B48: =IFERROR(__xludf.DUMMYFUNCTION("""COMPUTED_VALUE"""),"이지훈8700") -> 이지훈8700 | C48: =IFERROR(__xludf.DUMMYFUNCTION("""COMPUTED_VALUE"""),"(고낙기) 화학") -> (고낙기) 화학 | D48: =IFERROR(__xludf.DUMMYFUNCTION("""COMPUTED_VALUE"""),"창고") -> 창고 | E48: =IFERROR(__xludf.DUMMYFUNCTION("""COMPUTED_VALUE"""),1.0) -> 1 | F48: =IFERROR(__xludf.DUMMYFUNCTION("""COMPUTED_VALUE"""),"기타") -> 기타 | G48: =IFERROR(__xludf.DUMMYFUNCTION("""COMPUTED_VALUE"""),"신규") -> 신규
A49: =IFERROR(__xludf.DUMMYFUNCTION("""COMPUTED_VALUE"""),"2026-04-04") -> 2026-04-04 | B49: =IFERROR(__xludf.DUMMYFUNCTION("""COMPUTED_VALUE"""),"이지훈8700") -> 이지훈8700 | C49: =IFERROR(__xludf.DUMMYFUNCTION("""COMPUTED_VALUE"""),"(국어선택) 화법과작문") -> (국어선택) 화법과작문 | D49: =IFERROR(__xludf.DUMMYFUNCTION("""COMPUTED_VALUE"""),"창고") -> 창고 | E49: =IFERROR(__xludf.DUMMYFUNCTION("""COMPUTED_VALUE"""),1.0) -> 1 | F49: =IFERROR(__xludf.DUMMYFUNCTION("""COMPUTED_VALUE"""),"기타") -> 기타 | G49: =IFERROR(__xludf.DUMMYFUNCTION("""COMPUTED_VALUE"""),"신규") -> 신규
A50: =IFERROR(__xludf.DUMMYFUNCTION("""COMPUTED_VALUE"""),"2026-04-04") -> 2026-04-04 | B50: =IFERROR(__xludf.DUMMYFUNCTION("""COMPUTED_VALUE"""),"이지훈8700") -> 이지훈8700 | C50: =IFERROR(__xludf.DUMMYFUNCTION("""COMPUTED_VALUE"""),"(김학림전종현) 쎄타_미적E수업") -> (김학림전종현) 쎄타_미적E수업 | D50: =IFERROR(__xludf.DUMMYFUNCTION("""COMPUTED_VALUE"""),"창고") -> 창고 | E50: =IFERROR(__xludf.DUMMYFUNCTION("""COMPUTED_VALUE"""),1.0) -> 1 | F50: =IFERROR(__xludf.DUMMYFUNCTION("""COMPUTED_VALUE"""),"기타") -> 기타 | G50: =IFERROR(__xludf.DUMMYFUNCTION("""COMPUTED_VALUE"""),"신규") -> 신규
A51: =IFERROR(__xludf.DUMMYFUNCTION("""COMPUTED_VALUE"""),"2026-04-04") -> 2026-04-04 | B51: =IFERROR(__xludf.DUMMYFUNCTION("""COMPUTED_VALUE"""),"이지훈8700") -> 이지훈8700 | C51: =IFERROR(__xludf.DUMMYFUNCTION("""COMPUTED_VALUE"""),"(김학림전종현) 쎄타_미적E피드백") -> (김학림전종현) 쎄타_미적E피드백 | D51: =IFERROR(__xludf.DUMMYFUNCTION("""COMPUTED_VALUE"""),"창고") -> 창고 | E51: =IFERROR(__xludf.DUMMYFUNCTION("""COMPUTED_VALUE"""),1.0) -> 1 | F51: =IFERROR(__xludf.DUMMYFUNCTION("""COMPUTED_VALUE"""),"기타") -> 기타 | G51: =IFERROR(__xludf.DUMMYFUNCTION("""COMPUTED_VALUE"""),"신규") -> 신규
A52: =IFERROR(__xludf.DUMMYFUNCTION("""COMPUTED_VALUE"""),"2026-04-04") -> 2026-04-04 | B52: =IFERROR(__xludf.DUMMYFUNCTION("""COMPUTED_VALUE"""),"이지훈8700") -> 이지훈8700 | C52: =IFERROR(__xludf.DUMMYFUNCTION("""COMPUTED_VALUE"""),"(김학림전종현) 쎄타_수2E수업") -> (김학림전종현) 쎄타_수2E수업 | D52: =IFERROR(__xludf.DUMMYFUNCTION("""COMPUTED_VALUE"""),"창고") -> 창고 | E52: =IFERROR(__xludf.DUMMYFUNCTION("""COMPUTED_VALUE"""),1.0) -> 1 | F52: =IFERROR(__xludf.DUMMYFUNCTION("""COMPUTED_VALUE"""),"기타") -> 기타 | G52: =IFERROR(__xludf.DUMMYFUNCTION("""COMPUTED_VALUE"""),"신규") -> 신규
A53: =IFERROR(__xludf.DUMMYFUNCTION("""COMPUTED_VALUE"""),"2026-04-04") -> 2026-04-04 | B53: =IFERROR(__xludf.DUMMYFUNCTION("""COMPUTED_VALUE"""),"이지훈8700") -> 이지훈8700 | C53: =IFERROR(__xludf.DUMMYFUNCTION("""COMPUTED_VALUE"""),"(김학림전종현) 쎄타_수2E피드백") -> (김학림전종현) 쎄타_수2E피드백 | D53: =IFERROR(__xludf.DUMMYFUNCTION("""COMPUTED_VALUE"""),"창고") -> 창고 | E53: =IFERROR(__xludf.DUMMYFUNCTION("""COMPUTED_VALUE"""),1.0) -> 1 | F53: =IFERROR(__xludf.DUMMYFUNCTION("""COMPUTED_VALUE"""),"기타") -> 기타 | G53: =IFERROR(__xludf.DUMMYFUNCTION("""COMPUTED_VALUE"""),"신규") -> 신규
A54: =IFERROR(__xludf.DUMMYFUNCTION("""COMPUTED_VALUE"""),"2026-04-04") -> 2026-04-04 | B54: =IFERROR(__xludf.DUMMYFUNCTION("""COMPUTED_VALUE"""),"이지훈8700") -> 이지훈8700 | C54: =IFERROR(__xludf.DUMMYFUNCTION("""COMPUTED_VALUE"""),"(장진민) 사회문화") -> (장진민) 사회문화 | D54: =IFERROR(__xludf.DUMMYFUNCTION("""COMPUTED_VALUE"""),"창고") -> 창고 | E54: =IFERROR(__xludf.DUMMYFUNCTION("""COMPUTED_VALUE"""),1.0) -> 1 | F54: =IFERROR(__xludf.DUMMYFUNCTION("""COMPUTED_VALUE"""),"기타") -> 기타 | G54: =IFERROR(__xludf.DUMMYFUNCTION("""COMPUTED_VALUE"""),"신규") -> 신규
A55: =IFERROR(__xludf.DUMMYFUNCTION("""COMPUTED_VALUE"""),"2026-04-04") -> 2026-04-04 | B55: =IFERROR(__xludf.DUMMYFUNCTION("""COMPUTED_VALUE"""),"성주연7429") -> 성주연7429 | C55: =IFERROR(__xludf.DUMMYFUNCTION("""COMPUTED_VALUE"""),"(국어선택) 화법과작문") -> (국어선택) 화법과작문 | D55: =IFERROR(__xludf.DUMMYFUNCTION("""COMPUTED_VALUE"""),"창고") -> 창고 | E55: =IFERROR(__xludf.DUMMYFUNCTION("""COMPUTED_VALUE"""),1.0) -> 1 | F55: =IFERROR(__xludf.DUMMYFUNCTION("""COMPUTED_VALUE"""),"기타") -> 기타 | G55: =IFERROR(__xludf.DUMMYFUNCTION("""COMPUTED_VALUE"""),"신규") -> 신규
A56: =IFERROR(__xludf.DUMMYFUNCTION("""COMPUTED_VALUE"""),"2026-04-04") -> 2026-04-04 | B56: =IFERROR(__xludf.DUMMYFUNCTION("""COMPUTED_VALUE"""),"성주연7429") -> 성주연7429 | C56: =IFERROR(__xludf.DUMMYFUNCTION("""COMPUTED_VALUE"""),"(신현철) 메멘토_미적(수업)") -> (신현철) 메멘토_미적(수업) | D56: =IFERROR(__xludf.DUMMYFUNCTION("""COMPUTED_VALUE"""),"창고") -> 창고 | E56: =IFERROR(__xludf.DUMMYFUNCTION("""COMPUTED_VALUE"""),1.0) -> 1 | F56: =IFERROR(__xludf.DUMMYFUNCTION("""COMPUTED_VALUE"""),"기타") -> 기타 | G56: =IFERROR(__xludf.DUMMYFUNCTION("""COMPUTED_VALUE"""),"신규") -> 신규
A57: =IFERROR(__xludf.DUMMYFUNCTION("""COMPUTED_VALUE"""),"2026-04-04") -> 2026-04-04 | B57: =IFERROR(__xludf.DUMMYFUNCTION("""COMPUTED_VALUE"""),"성주연7429") -> 성주연7429 | C57: =IFERROR(__xludf.DUMMYFUNCTION("""COMPUTED_VALUE"""),"(신현철) 메멘토_미적(피드백)") -> (신현철) 메멘토_미적(피드백) | D57: =IFERROR(__xludf.DUMMYFUNCTION("""COMPUTED_VALUE"""),"창고") -> 창고 | E57: =IFERROR(__xludf.DUMMYFUNCTION("""COMPUTED_VALUE"""),1.0) -> 1 | F57: =IFERROR(__xludf.DUMMYFUNCTION("""COMPUTED_VALUE"""),"기타") -> 기타 | G57: =IFERROR(__xludf.DUMMYFUNCTION("""COMPUTED_VALUE"""),"신규") -> 신규
A58: =IFERROR(__xludf.DUMMYFUNCTION("""COMPUTED_VALUE"""),"2026-04-04") -> 2026-04-04 | B58: =IFERROR(__xludf.DUMMYFUNCTION("""COMPUTED_VALUE"""),"성주연7429") -> 성주연7429 | C58: =IFERROR(__xludf.DUMMYFUNCTION("""COMPUTED_VALUE"""),"(신현철) 메멘토_수2(수업)") -> (신현철) 메멘토_수2(수업) | D58: =IFERROR(__xludf.DUMMYFUNCTION("""COMPUTED_VALUE"""),"창고") -> 창고 | E58: =IFERROR(__xludf.DUMMYFUNCTION("""COMPUTED_VALUE"""),1.0) -> 1 | F58: =IFERROR(__xludf.DUMMYFUNCTION("""COMPUTED_VALUE"""),"기타") -> 기타 | G58: =IFERROR(__xludf.DUMMYFUNCTION("""COMPUTED_VALUE"""),"신규") -> 신규
A59: =IFERROR(__xludf.DUMMYFUNCTION("""COMPUTED_VALUE"""),"2026-04-04") -> 2026-04-04 | B59: =IFERROR(__xludf.DUMMYFUNCTION("""COMPUTED_VALUE"""),"성주연7429") -> 성주연7429 | C59: =IFERROR(__xludf.DUMMYFUNCTION("""COMPUTED_VALUE"""),"(신현철) 메멘토_수2(피드백)") -> (신현철) 메멘토_수2(피드백) | D59: =IFERROR(__xludf.DUMMYFUNCTION("""COMPUTED_VALUE"""),"창고") -> 창고 | E59: =IFERROR(__xludf.DUMMYFUNCTION("""COMPUTED_VALUE"""),1.0) -> 1 | F59: =IFERROR(__xludf.DUMMYFUNCTION("""COMPUTED_VALUE"""),"기타") -> 기타 | G59: =IFERROR(__xludf.DUMMYFUNCTION("""COMPUTED_VALUE"""),"신규") -> 신규
A60: =IFERROR(__xludf.DUMMYFUNCTION("""COMPUTED_VALUE"""),"2026-04-04") -> 2026-04-04 | B60: =IFERROR(__xludf.DUMMYFUNCTION("""COMPUTED_VALUE"""),"성주연7429") -> 성주연7429 | C60: =IFERROR(__xludf.DUMMYFUNCTION("""COMPUTED_VALUE"""),"(최성주) 사회문화") -> (최성주) 사회문화 | D60: =IFERROR(__xludf.DUMMYFUNCTION("""COMPUTED_VALUE"""),"창고") -> 창고 | E60: =IFERROR(__xludf.DUMMYFUNCTION("""COMPUTED_VALUE"""),1.0) -> 1 | F60: =IFERROR(__xludf.DUMMYFUNCTION("""COMPUTED_VALUE"""),"기타") -> 기타 | G60: =IFERROR(__xludf.DUMMYFUNCTION("""COMPUTED_VALUE"""),"신규") -> 신규
A61: =IFERROR(__xludf.DUMMYFUNCTION("""COMPUTED_VALUE"""),"2026-04-04") -> 2026-04-04 | B61: =IFERROR(__xludf.DUMMYFUNCTION("""COMPUTED_VALUE"""),"성주연7429") -> 성주연7429 | C61: =IFERROR(__xludf.DUMMYFUNCTION("""COMPUTED_VALUE"""),"(한진구) 생활과 윤리") -> (한진구) 생활과 윤리 | D61: =IFERROR(__xludf.DUMMYFUNCTION("""COMPUTED_VALUE"""),"창고") -> 창고 | E61: =IFERROR(__xludf.DUMMYFUNCTION("""COMPUTED_VALUE"""),1.0) -> 1 | F61: =IFERROR(__xludf.DUMMYFUNCTION("""COMPUTED_VALUE"""),"기타") -> 기타 | G61: =IFERROR(__xludf.DUMMYFUNCTION("""COMPUTED_VALUE"""),"신규") -> 신규
A62: =IFERROR(__xludf.DUMMYFUNCTION("""COMPUTED_VALUE"""),"2026-04-04") -> 2026-04-04 | B62: =IFERROR(__xludf.DUMMYFUNCTION("""COMPUTED_VALUE"""),"윤채희9577") -> 윤채희9577 | C62: =IFERROR(__xludf.DUMMYFUNCTION("""COMPUTED_VALUE"""),"(국어선택) 화법과작문") -> (국어선택) 화법과작문 | D62: =IFERROR(__xludf.DUMMYFUNCTION("""COMPUTED_VALUE"""),"창고") -> 창고 | E62: =IFERROR(__xludf.DUMMYFUNCTION("""COMPUTED_VALUE"""),1.0) -> 1 | F62: =IFERROR(__xludf.DUMMYFUNCTION("""COMPUTED_VALUE"""),"기타") -> 기타 | G62: =IFERROR(__xludf.DUMMYFUNCTION("""COMPUTED_VALUE"""),"신규") -> 신규
A63: =IFERROR(__xludf.DUMMYFUNCTION("""COMPUTED_VALUE"""),"2026-04-04") -> 2026-04-04 | B63: =IFERROR(__xludf.DUMMYFUNCTION("""COMPUTED_VALUE"""),"윤채희9577") -> 윤채희9577 | C63: =IFERROR(__xludf.DUMMYFUNCTION("""COMPUTED_VALUE"""),"(이민호B) 단기록_수2(피드백)") -> (이민호B) 단기록_수2(피드백) | D63: =IFERROR(__xludf.DUMMYFUNCTION("""COMPUTED_VALUE"""),"창고") -> 창고 | E63: =IFERROR(__xludf.DUMMYFUNCTION("""COMPUTED_VALUE"""),1.0) -> 1 | F63: =IFERROR(__xludf.DUMMYFUNCTION("""COMPUTED_VALUE"""),"기타") -> 기타 | G63: =IFERROR(__xludf.DUMMYFUNCTION("""COMPUTED_VALUE"""),"신규") -> 신규
A64: =IFERROR(__xludf.DUMMYFUNCTION("""COMPUTED_VALUE"""),"2026-04-04") -> 2026-04-04 | B64: =IFERROR(__xludf.DUMMYFUNCTION("""COMPUTED_VALUE"""),"윤채희9577") -> 윤채희9577 | C64: =IFERROR(__xludf.DUMMYFUNCTION("""COMPUTED_VALUE"""),"(이민호B) 단기록_확통(피드백)") -> (이민호B) 단기록_확통(피드백) | D64: =IFERROR(__xludf.DUMMYFUNCTION("""COMPUTED_VALUE"""),"창고") -> 창고 | E64: =IFERROR(__xludf.DUMMYFUNCTION("""COMPUTED_VALUE"""),1.0) -> 1 | F64: =IFERROR(__xludf.DUMMYFUNCTION("""COMPUTED_VALUE"""),"기타") -> 기타 | G64: =IFERROR(__xludf.DUMMYFUNCTION("""COMPUTED_VALUE"""),"신규") -> 신규
A65: =IFERROR(__xludf.DUMMYFUNCTION("""COMPUTED_VALUE"""),"2026-04-04") -> 2026-04-04 | B65: =IFERROR(__xludf.DUMMYFUNCTION("""COMPUTED_VALUE"""),"윤채희9577") -> 윤채희9577 | C65: =IFERROR(__xludf.DUMMYFUNCTION("""COMPUTED_VALUE"""),"(이민호B) 수해록_수2(수업)") -> (이민호B) 수해록_수2(수업) | D65: =IFERROR(__xludf.DUMMYFUNCTION("""COMPUTED_VALUE"""),"창고") -> 창고 | E65: =IFERROR(__xludf.DUMMYFUNCTION("""COMPUTED_VALUE"""),1.0) -> 1 | F65: =IFERROR(__xludf.DUMMYFUNCTION("""COMPUTED_VALUE"""),"기타") -> 기타 | G65: =IFERROR(__xludf.DUMMYFUNCTION("""COMPUTED_VALUE"""),"신규") -> 신규
A66: =IFERROR(__xludf.DUMMYFUNCTION("""COMPUTED_VALUE"""),"2026-04-04") -> 2026-04-04 | B66: =IFERROR(__xludf.DUMMYFUNCTION("""COMPUTED_VALUE"""),"윤채희9577") -> 윤채희9577 | C66: =IFERROR(__xludf.DUMMYFUNCTION("""COMPUTED_VALUE"""),"(이민호B) 수해록_확통(수업)") -> (이민호B) 수해록_확통(수업) | D66: =IFERROR(__xludf.DUMMYFUNCTION("""COMPUTED_VALUE"""),"창고") -> 창고 | E66: =IFERROR(__xludf.DUMMYFUNCTION("""COMPUTED_VALUE"""),1.0) -> 1 | F66: =IFERROR(__xludf.DUMMYFUNCTION("""COMPUTED_VALUE"""),"기타") -> 기타 | G66: =IFERROR(__xludf.DUMMYFUNCTION("""COMPUTED_VALUE"""),"신규") -> 신규
A67: =IFERROR(__xludf.DUMMYFUNCTION("""COMPUTED_VALUE"""),"2026-04-04") -> 2026-04-04 | B67: =IFERROR(__xludf.DUMMYFUNCTION("""COMPUTED_VALUE"""),"윤채희9577") -> 윤채희9577 | C67: =IFERROR(__xludf.DUMMYFUNCTION("""COMPUTED_VALUE"""),"(한진구) 생활과 윤리") -> (한진구) 생활과 윤리 | D67: =IFERROR(__xludf.DUMMYFUNCTION("""COMPUTED_VALUE"""),"창고") -> 창고 | E67: =IFERROR(__xludf.DUMMYFUNCTION("""COMPUTED_VALUE"""),1.0) -> 1 | F67: =IFERROR(__xludf.DUMMYFUNCTION("""COMPUTED_VALUE"""),"기타") -> 기타 | G67: =IFERROR(__xludf.DUMMYFUNCTION("""COMPUTED_VALUE"""),"신규") -> 신규
A68: =IFERROR(__xludf.DUMMYFUNCTION("""COMPUTED_VALUE"""),"2026-04-04") -> 2026-04-04 | B68: =IFERROR(__xludf.DUMMYFUNCTION("""COMPUTED_VALUE"""),"김나현7522") -> 김나현7522 | C68: =IFERROR(__xludf.DUMMYFUNCTION("""COMPUTED_VALUE"""),"(국어선택) 화법과작문") -> (국어선택) 화법과작문 | D68: =IFERROR(__xludf.DUMMYFUNCTION("""COMPUTED_VALUE"""),"창고") -> 창고 | E68: =IFERROR(__xludf.DUMMYFUNCTION("""COMPUTED_VALUE"""),1.0) -> 1 | F68: =IFERROR(__xludf.DUMMYFUNCTION("""COMPUTED_VALUE"""),"기타") -> 기타 | G68: =IFERROR(__xludf.DUMMYFUNCTION("""COMPUTED_VALUE"""),"신규") -> 신규
A69: =IFERROR(__xludf.DUMMYFUNCTION("""COMPUTED_VALUE"""),"2026-04-04") -> 2026-04-04 | B69: =IFERROR(__xludf.DUMMYFUNCTION("""COMPUTED_VALUE"""),"김나현7522") -> 김나현7522 | C69: =IFERROR(__xludf.DUMMYFUNCTION("""COMPUTED_VALUE"""),"(이민호B) 단기록_수2(피드백)") -> (이민호B) 단기록_수2(피드백) | D69: =IFERROR(__xludf.DUMMYFUNCTION("""COMPUTED_VALUE"""),"창고") -> 창고 | E69: =IFERROR(__xludf.DUMMYFUNCTION("""COMPUTED_VALUE"""),1.0) -> 1 | F69: =IFERROR(__xludf.DUMMYFUNCTION("""COMPUTED_VALUE"""),"기타") -> 기타 | G69: =IFERROR(__xludf.DUMMYFUNCTION("""COMPUTED_VALUE"""),"신규") -> 신규
A70: =IFERROR(__xludf.DUMMYFUNCTION("""COMPUTED_VALUE"""),"2026-04-04") -> 2026-04-04 | B70: =IFERROR(__xludf.DUMMYFUNCTION("""COMPUTED_VALUE"""),"김나현7522") -> 김나현7522 | C70: =IFERROR(__xludf.DUMMYFUNCTION("""COMPUTED_VALUE"""),"(이민호B) 단기록_확통(피드백)") -> (이민호B) 단기록_확통(피드백) | D70: =IFERROR(__xludf.DUMMYFUNCTION("""COMPUTED_VALUE"""),"창고") -> 창고 | E70: =IFERROR(__xludf.DUMMYFUNCTION("""COMPUTED_VALUE"""),1.0) -> 1 | F70: =IFERROR(__xludf.DUMMYFUNCTION("""COMPUTED_VALUE"""),"기타") -> 기타 | G70: =IFERROR(__xludf.DUMMYFUNCTION("""COMPUTED_VALUE"""),"신규") -> 신규
A71: =IFERROR(__xludf.DUMMYFUNCTION("""COMPUTED_VALUE"""),"2026-04-04") -> 2026-04-04 | B71: =IFERROR(__xludf.DUMMYFUNCTION("""COMPUTED_VALUE"""),"김나현7522") -> 김나현7522 | C71: =IFERROR(__xludf.DUMMYFUNCTION("""COMPUTED_VALUE"""),"(이민호B) 수해록_수2(수업)") -> (이민호B) 수해록_수2(수업) | D71: =IFERROR(__xludf.DUMMYFUNCTION("""COMPUTED_VALUE"""),"창고") -> 창고 | E71: =IFERROR(__xludf.DUMMYFUNCTION("""COMPUTED_VALUE"""),1.0) -> 1 | F71: =IFERROR(__xludf.DUMMYFUNCTION("""COMPUTED_VALUE"""),"기타") -> 기타 | G71: =IFERROR(__xludf.DUMMYFUNCTION("""COMPUTED_VALUE"""),"신규") -> 신규
A72: =IFERROR(__xludf.DUMMYFUNCTION("""COMPUTED_VALUE"""),"2026-04-04") -> 2026-04-04 | B72: =IFERROR(__xludf.DUMMYFUNCTION("""COMPUTED_VALUE"""),"김나현7522") -> 김나현7522 | C72: =IFERROR(__xludf.DUMMYFUNCTION("""COMPUTED_VALUE"""),"(이민호B) 수해록_확통(수업)") -> (이민호B) 수해록_확통(수업) | D72: =IFERROR(__xludf.DUMMYFUNCTION("""COMPUTED_VALUE"""),"창고") -> 창고 | E72: =IFERROR(__xludf.DUMMYFUNCTION("""COMPUTED_VALUE"""),1.0) -> 1 | F72: =IFERROR(__xludf.DUMMYFUNCTION("""COMPUTED_VALUE"""),"기타") -> 기타 | G72: =IFERROR(__xludf.DUMMYFUNCTION("""COMPUTED_VALUE"""),"신규") -> 신규
A73: =IFERROR(__xludf.DUMMYFUNCTION("""COMPUTED_VALUE"""),"2026-04-04") -> 2026-04-04 | B73: =IFERROR(__xludf.DUMMYFUNCTION("""COMPUTED_VALUE"""),"김나현7522") -> 김나현7522 | C73: =IFERROR(__xludf.DUMMYFUNCTION("""COMPUTED_VALUE"""),"(장진민) 생활과 윤리") -> (장진민) 생활과 윤리 | D73: =IFERROR(__xludf.DUMMYFUNCTION("""COMPUTED_VALUE"""),"창고") -> 창고 | E73: =IFERROR(__xludf.DUMMYFUNCTION("""COMPUTED_VALUE"""),1.0) -> 1 | F73: =IFERROR(__xludf.DUMMYFUNCTION("""COMPUTED_VALUE"""),"기타") -> 기타 | G73: =IFERROR(__xludf.DUMMYFUNCTION("""COMPUTED_VALUE"""),"신규") -> 신규
A74: =IFERROR(__xludf.DUMMYFUNCTION("""COMPUTED_VALUE"""),"2026-04-04") -> 2026-04-04 | B74: =IFERROR(__xludf.DUMMYFUNCTION("""COMPUTED_VALUE"""),"임하린3311") -> 임하린3311 | C74: =IFERROR(__xludf.DUMMYFUNCTION("""COMPUTED_VALUE"""),"(국어선택) 화법과작문") -> (국어선택) 화법과작문 | D74: =IFERROR(__xludf.DUMMYFUNCTION("""COMPUTED_VALUE"""),"창고") -> 창고 | E74: =IFERROR(__xludf.DUMMYFUNCTION("""COMPUTED_VALUE"""),1.0) -> 1 | F74: =IFERROR(__xludf.DUMMYFUNCTION("""COMPUTED_VALUE"""),"기타") -> 기타 | G74: =IFERROR(__xludf.DUMMYFUNCTION("""COMPUTED_VALUE"""),"신규") -> 신규
A75: =IFERROR(__xludf.DUMMYFUNCTION("""COMPUTED_VALUE"""),"2026-04-04") -> 2026-04-04 | B75: =IFERROR(__xludf.DUMMYFUNCTION("""COMPUTED_VALUE"""),"임하린3311") -> 임하린3311 | C75: =IFERROR(__xludf.DUMMYFUNCTION("""COMPUTED_VALUE"""),"(김학림전종현) 쎄타_수2M수업") -> (김학림전종현) 쎄타_수2M수업 | D75: =IFERROR(__xludf.DUMMYFUNCTION("""COMPUTED_VALUE"""),"창고") -> 창고 | E75: =IFERROR(__xludf.DUMMYFUNCTION("""COMPUTED_VALUE"""),1.0) -> 1 | F75: =IFERROR(__xludf.DUMMYFUNCTION("""COMPUTED_VALUE"""),"기타") -> 기타 | G75: =IFERROR(__xludf.DUMMYFUNCTION("""COMPUTED_VALUE"""),"신규") -> 신규
A76: =IFERROR(__xludf.DUMMYFUNCTION("""COMPUTED_VALUE"""),"2026-04-04") -> 2026-04-04 | B76: =IFERROR(__xludf.DUMMYFUNCTION("""COMPUTED_VALUE"""),"임하린3311") -> 임하린3311 | C76: =IFERROR(__xludf.DUMMYFUNCTION("""COMPUTED_VALUE"""),"(김학림전종현) 쎄타_수2M피드백") -> (김학림전종현) 쎄타_수2M피드백 | D76: =IFERROR(__xludf.DUMMYFUNCTION("""COMPUTED_VALUE"""),"창고") -> 창고 | E76: =IFERROR(__xludf.DUMMYFUNCTION("""COMPUTED_VALUE"""),1.0) -> 1 | F76: =IFERROR(__xludf.DUMMYFUNCTION("""COMPUTED_VALUE"""),"기타") -> 기타 | G76: =IFERROR(__xludf.DUMMYFUNCTION("""COMPUTED_VALUE"""),"신규") -> 신규
A77: =IFERROR(__xludf.DUMMYFUNCTION("""COMPUTED_VALUE"""),"2026-04-04") -> 2026-04-04 | B77: =IFERROR(__xludf.DUMMYFUNCTION("""COMPUTED_VALUE"""),"임하린3311") -> 임하린3311 | C77: =IFERROR(__xludf.DUMMYFUNCTION("""COMPUTED_VALUE"""),"(김학림전종현) 쎄타_확통M수업") -> (김학림전종현) 쎄타_확통M수업 | D77: =IFERROR(__xludf.DUMMYFUNCTION("""COMPUTED_VALUE"""),"창고") -> 창고 | E77: =IFERROR(__xludf.DUMMYFUNCTION("""COMPUTED_VALUE"""),1.0) -> 1 | F77: =IFERROR(__xludf.DUMMYFUNCTION("""COMPUTED_VALUE"""),"기타") -> 기타 | G77: =IFERROR(__xludf.DUMMYFUNCTION("""COMPUTED_VALUE"""),"신규") -> 신규
A78: =IFERROR(__xludf.DUMMYFUNCTION("""COMPUTED_VALUE"""),"2026-04-04") -> 2026-04-04 | B78: =IFERROR(__xludf.DUMMYFUNCTION("""COMPUTED_VALUE"""),"임하린3311") -> 임하린3311 | C78: =IFERROR(__xludf.DUMMYFUNCTION("""COMPUTED_VALUE"""),"(김학림전종현) 쎄타_확통M피드백") -> (김학림전종현) 쎄타_확통M피드백 | D78: =IFERROR(__xludf.DUMMYFUNCTION("""COMPUTED_VALUE"""),"창고") -> 창고 | E78: =IFERROR(__xludf.DUMMYFUNCTION("""COMPUTED_VALUE"""),1.0) -> 1 | F78: =IFERROR(__xludf.DUMMYFUNCTION("""COMPUTED_VALUE"""),"기타") -> 기타 | G78: =IFERROR(__xludf.DUMMYFUNCTION("""COMPUTED_VALUE"""),"신규") -> 신규
A79: =IFERROR(__xludf.DUMMYFUNCTION("""COMPUTED_VALUE"""),"2026-04-04") -> 2026-04-04 | B79: =IFERROR(__xludf.DUMMYFUNCTION("""COMPUTED_VALUE"""),"조현우6865") -> 조현우6865 | C79: =IFERROR(__xludf.DUMMYFUNCTION("""COMPUTED_VALUE"""),"(강성욱) 사회문화") -> (강성욱) 사회문화 | D79: =IFERROR(__xludf.DUMMYFUNCTION("""COMPUTED_VALUE"""),"창고") -> 창고 | E79: =IFERROR(__xludf.DUMMYFUNCTION("""COMPUTED_VALUE"""),1.0) -> 1 | F79: =IFERROR(__xludf.DUMMYFUNCTION("""COMPUTED_VALUE"""),"기타") -> 기타 | G79: =IFERROR(__xludf.DUMMYFUNCTION("""COMPUTED_VALUE"""),"신규") -> 신규
A80: =IFERROR(__xludf.DUMMYFUNCTION("""COMPUTED_VALUE"""),"2026-04-04") -> 2026-04-04 | B80: =IFERROR(__xludf.DUMMYFUNCTION("""COMPUTED_VALUE"""),"조현우6865") -> 조현우6865 | C80: =IFERROR(__xludf.DUMMYFUNCTION("""COMPUTED_VALUE"""),"(국어선택) 언어와매체") -> (국어선택) 언어와매체 | D80: =IFERROR(__xludf.DUMMYFUNCTION("""COMPUTED_VALUE"""),"창고") -> 창고 | E80: =IFERROR(__xludf.DUMMYFUNCTION("""COMPUTED_VALUE"""),1.0) -> 1 | F80: =IFERROR(__xludf.DUMMYFUNCTION("""COMPUTED_VALUE"""),"기타") -> 기타 | G80: =IFERROR(__xludf.DUMMYFUNCTION("""COMPUTED_VALUE"""),"신규") -> 신규
A81: =IFERROR(__xludf.DUMMYFUNCTION("""COMPUTED_VALUE"""),"2026-04-04") -> 2026-04-04 | B81: =IFERROR(__xludf.DUMMYFUNCTION("""COMPUTED_VALUE"""),"조현우6865") -> 조현우6865 | C81: =IFERROR(__xludf.DUMMYFUNCTION("""COMPUTED_VALUE"""),"(김학림전종현) 쎄타_수2M수업") -> (김학림전종현) 쎄타_수2M수업 | D81: =IFERROR(__xludf.DUMMYFUNCTION("""COMPUTED_VALUE"""),"창고") -> 창고 | E81: =IFERROR(__xludf.DUMMYFUNCTION("""COMPUTED_VALUE"""),1.0) -> 1 | F81: =IFERROR(__xludf.DUMMYFUNCTION("""COMPUTED_VALUE"""),"기타") -> 기타 | G81: =IFERROR(__xludf.DUMMYFUNCTION("""COMPUTED_VALUE"""),"신규") -> 신규
A82: =IFERROR(__xludf.DUMMYFUNCTION("""COMPUTED_VALUE"""),"2026-04-04") -> 2026-04-04 | B82: =IFERROR(__xludf.DUMMYFUNCTION("""COMPUTED_VALUE"""),"조현우6865") -> 조현우6865 | C82: =IFERROR(__xludf.DUMMYFUNCTION("""COMPUTED_VALUE"""),"(김학림전종현) 쎄타_수2M피드백") -> (김학림전종현) 쎄타_수2M피드백 | D82: =IFERROR(__xludf.DUMMYFUNCTION("""COMPUTED_VALUE"""),"창고") -> 창고 | E82: =IFERROR(__xludf.DUMMYFUNCTION("""COMPUTED_VALUE"""),1.0) -> 1 | F82: =IFERROR(__xludf.DUMMYFUNCTION("""COMPUTED_VALUE"""),"기타") -> 기타 | G82: =IFERROR(__xludf.DUMMYFUNCTION("""COMPUTED_VALUE"""),"신규") -> 신규
A83: =IFERROR(__xludf.DUMMYFUNCTION("""COMPUTED_VALUE"""),"2026-04-04") -> 2026-04-04 | B83: =IFERROR(__xludf.DUMMYFUNCTION("""COMPUTED_VALUE"""),"조현우6865") -> 조현우6865 | C83: =IFERROR(__xludf.DUMMYFUNCTION("""COMPUTED_VALUE"""),"(김학림전종현) 쎄타_확통M수업") -> (김학림전종현) 쎄타_확통M수업 | D83: =IFERROR(__xludf.DUMMYFUNCTION("""COMPUTED_VALUE"""),"창고") -> 창고 | E83: =IFERROR(__xludf.DUMMYFUNCTION("""COMPUTED_VALUE"""),1.0) -> 1 | F83: =IFERROR(__xludf.DUMMYFUNCTION("""COMPUTED_VALUE"""),"기타") -> 기타 | G83: =IFERROR(__xludf.DUMMYFUNCTION("""COMPUTED_VALUE"""),"신규") -> 신규
A84: =IFERROR(__xludf.DUMMYFUNCTION("""COMPUTED_VALUE"""),"2026-04-04") -> 2026-04-04 | B84: =IFERROR(__xludf.DUMMYFUNCTION("""COMPUTED_VALUE"""),"조현우6865") -> 조현우6865 | C84: =IFERROR(__xludf.DUMMYFUNCTION("""COMPUTED_VALUE"""),"(김학림전종현) 쎄타_확통M피드백") -> (김학림전종현) 쎄타_확통M피드백 | D84: =IFERROR(__xludf.DUMMYFUNCTION("""COMPUTED_VALUE"""),"창고") -> 창고 | E84: =IFERROR(__xludf.DUMMYFUNCTION("""COMPUTED_VALUE"""),1.0) -> 1 | F84: =IFERROR(__xludf.DUMMYFUNCTION("""COMPUTED_VALUE"""),"기타") -> 기타 | G84: =IFERROR(__xludf.DUMMYFUNCTION("""COMPUTED_VALUE"""),"신규") -> 신규
A85: =IFERROR(__xludf.DUMMYFUNCTION("""COMPUTED_VALUE"""),"2026-04-04") -> 2026-04-04 | B85: =IFERROR(__xludf.DUMMYFUNCTION("""COMPUTED_VALUE"""),"조현우6865") -> 조현우6865 | C85: =IFERROR(__xludf.DUMMYFUNCTION("""COMPUTED_VALUE"""),"(장진민) 생활과 윤리") -> (장진민) 생활과 윤리 | D85: =IFERROR(__xludf.DUMMYFUNCTION("""COMPUTED_VALUE"""),"창고") -> 창고 | E85: =IFERROR(__xludf.DUMMYFUNCTION("""COMPUTED_VALUE"""),1.0) -> 1 | F85: =IFERROR(__xludf.DUMMYFUNCTION("""COMPUTED_VALUE"""),"기타") -> 기타 | G85: =IFERROR(__xludf.DUMMYFUNCTION("""COMPUTED_VALUE"""),"신규") -> 신규
A86: =IFERROR(__xludf.DUMMYFUNCTION("""COMPUTED_VALUE"""),"2026-04-04") -> 2026-04-04 | B86: =IFERROR(__xludf.DUMMYFUNCTION("""COMPUTED_VALUE"""),"이소의5141") -> 이소의5141 | C86: =IFERROR(__xludf.DUMMYFUNCTION("""COMPUTED_VALUE"""),"(강성욱) 정치와 법") -> (강성욱) 정치와 법 | D86: =IFERROR(__xludf.DUMMYFUNCTION("""COMPUTED_VALUE"""),"창고") -> 창고 | E86: =IFERROR(__xludf.DUMMYFUNCTION("""COMPUTED_VALUE"""),1.0) -> 1 | F86: =IFERROR(__xludf.DUMMYFUNCTION("""COMPUTED_VALUE"""),"기타") -> 기타 | G86: =IFERROR(__xludf.DUMMYFUNCTION("""COMPUTED_VALUE"""),"신규") -> 신규
A87: =IFERROR(__xludf.DUMMYFUNCTION("""COMPUTED_VALUE"""),"2026-04-04") -> 2026-04-04 | B87: =IFERROR(__xludf.DUMMYFUNCTION("""COMPUTED_VALUE"""),"이소의5141") -> 이소의5141 | C87: =IFERROR(__xludf.DUMMYFUNCTION("""COMPUTED_VALUE"""),"(국어선택) 화법과작문") -> (국어선택) 화법과작문 | D87: =IFERROR(__xludf.DUMMYFUNCTION("""COMPUTED_VALUE"""),"창고") -> 창고 | E87: =IFERROR(__xludf.DUMMYFUNCTION("""COMPUTED_VALUE"""),1.0) -> 1 | F87: =IFERROR(__xludf.DUMMYFUNCTION("""COMPUTED_VALUE"""),"기타") -> 기타 | G87: =IFERROR(__xludf.DUMMYFUNCTION("""COMPUTED_VALUE"""),"신규") -> 신규
A88: =IFERROR(__xludf.DUMMYFUNCTION("""COMPUTED_VALUE"""),"2026-04-04") -> 2026-04-04 | B88: =IFERROR(__xludf.DUMMYFUNCTION("""COMPUTED_VALUE"""),"이소의5141") -> 이소의5141 | C88: =IFERROR(__xludf.DUMMYFUNCTION("""COMPUTED_VALUE"""),"(김학림전종현) 쎄타_수2M수업") -> (김학림전종현) 쎄타_수2M수업 | D88: =IFERROR(__xludf.DUMMYFUNCTION("""COMPUTED_VALUE"""),"창고") -> 창고 | E88: =IFERROR(__xludf.DUMMYFUNCTION("""COMPUTED_VALUE"""),1.0) -> 1 | F88: =IFERROR(__xludf.DUMMYFUNCTION("""COMPUTED_VALUE"""),"기타") -> 기타 | G88: =IFERROR(__xludf.DUMMYFUNCTION("""COMPUTED_VALUE"""),"신규") -> 신규
A89: =IFERROR(__xludf.DUMMYFUNCTION("""COMPUTED_VALUE"""),"2026-04-04") -> 2026-04-04 | B89: =IFERROR(__xludf.DUMMYFUNCTION("""COMPUTED_VALUE"""),"이소의5141") -> 이소의5141 | C89: =IFERROR(__xludf.DUMMYFUNCTION("""COMPUTED_VALUE"""),"(김학림전종현) 쎄타_수2M피드백") -> (김학림전종현) 쎄타_수2M피드백 | D89: =IFERROR(__xludf.DUMMYFUNCTION("""COMPUTED_VALUE"""),"창고") -> 창고 | E89: =IFERROR(__xludf.DUMMYFUNCTION("""COMPUTED_VALUE"""),1.0) -> 1 | F89: =IFERROR(__xludf.DUMMYFUNCTION("""COMPUTED_VALUE"""),"기타") -> 기타 | G89: =IFERROR(__xludf.DUMMYFUNCTION("""COMPUTED_VALUE"""),"신규") -> 신규
A90: =IFERROR(__xludf.DUMMYFUNCTION("""COMPUTED_VALUE"""),"2026-04-04") -> 2026-04-04 | B90: =IFERROR(__xludf.DUMMYFUNCTION("""COMPUTED_VALUE"""),"이소의5141") -> 이소의5141 | C90: =IFERROR(__xludf.DUMMYFUNCTION("""COMPUTED_VALUE"""),"(김학림전종현) 쎄타_확통M수업") -> (김학림전종현) 쎄타_확통M수업 | D90: =IFERROR(__xludf.DUMMYFUNCTION("""COMPUTED_VALUE"""),"창고") -> 창고 | E90: =IFERROR(__xludf.DUMMYFUNCTION("""COMPUTED_VALUE"""),1.0) -> 1 | F90: =IFERROR(__xludf.DUMMYFUNCTION("""COMPUTED_VALUE"""),"기타") -> 기타 | G90: =IFERROR(__xludf.DUMMYFUNCTION("""COMPUTED_VALUE"""),"신규") -> 신규
A91: =IFERROR(__xludf.DUMMYFUNCTION("""COMPUTED_VALUE"""),"2026-04-04") -> 2026-04-04 | B91: =IFERROR(__xludf.DUMMYFUNCTION("""COMPUTED_VALUE"""),"이소의5141") -> 이소의5141 | C91: =IFERROR(__xludf.DUMMYFUNCTION("""COMPUTED_VALUE"""),"(김학림전종현) 쎄타_확통M피드백") -> (김학림전종현) 쎄타_확통M피드백 | D91: =IFERROR(__xludf.DUMMYFUNCTION("""COMPUTED_VALUE"""),"창고") -> 창고 | E91: =IFERROR(__xludf.DUMMYFUNCTION("""COMPUTED_VALUE"""),1.0) -> 1 | F91: =IFERROR(__xludf.DUMMYFUNCTION("""COMPUTED_VALUE"""),"기타") -> 기타 | G91: =IFERROR(__xludf.DUMMYFUNCTION("""COMPUTED_VALUE"""),"신규") -> 신규
A92: =IFERROR(__xludf.DUMMYFUNCTION("""COMPUTED_VALUE"""),"2026-04-04") -> 2026-04-04 | B92: =IFERROR(__xludf.DUMMYFUNCTION("""COMPUTED_VALUE"""),"박혜인8932") -> 박혜인8932 | C92: =IFERROR(__xludf.DUMMYFUNCTION("""COMPUTED_VALUE"""),"(국어선택) 언어와매체") -> (국어선택) 언어와매체 | D92: =IFERROR(__xludf.DUMMYFUNCTION("""COMPUTED_VALUE"""),"창고") -> 창고 | E92: =IFERROR(__xludf.DUMMYFUNCTION("""COMPUTED_VALUE"""),1.0) -> 1 | F92: =IFERROR(__xludf.DUMMYFUNCTION("""COMPUTED_VALUE"""),"기타") -> 기타 | G92: =IFERROR(__xludf.DUMMYFUNCTION("""COMPUTED_VALUE"""),"신규") -> 신규
A93: =IFERROR(__xludf.DUMMYFUNCTION("""COMPUTED_VALUE"""),"2026-04-04") -> 2026-04-04 | B93: =IFERROR(__xludf.DUMMYFUNCTION("""COMPUTED_VALUE"""),"박혜인8932") -> 박혜인8932 | C93: =IFERROR(__xludf.DUMMYFUNCTION("""COMPUTED_VALUE"""),"(김학림전종현) 쎄타_수2M수업") -> (김학림전종현) 쎄타_수2M수업 | D93: =IFERROR(__xludf.DUMMYFUNCTION("""COMPUTED_VALUE"""),"창고") -> 창고 | E93: =IFERROR(__xludf.DUMMYFUNCTION("""COMPUTED_VALUE"""),1.0) -> 1 | F93: =IFERROR(__xludf.DUMMYFUNCTION("""COMPUTED_VALUE"""),"기타") -> 기타 | G93: =IFERROR(__xludf.DUMMYFUNCTION("""COMPUTED_VALUE"""),"신규") -> 신규
A94: =IFERROR(__xludf.DUMMYFUNCTION("""COMPUTED_VALUE"""),"2026-04-04") -> 2026-04-04 | B94: =IFERROR(__xludf.DUMMYFUNCTION("""COMPUTED_VALUE"""),"박혜인8932") -> 박혜인8932 | C94: =IFERROR(__xludf.DUMMYFUNCTION("""COMPUTED_VALUE"""),"(김학림전종현) 쎄타_수2M피드백") -> (김학림전종현) 쎄타_수2M피드백 | D94: =IFERROR(__xludf.DUMMYFUNCTION("""COMPUTED_VALUE"""),"창고") -> 창고 | E94: =IFERROR(__xludf.DUMMYFUNCTION("""COMPUTED_VALUE"""),1.0) -> 1 | F94: =IFERROR(__xludf.DUMMYFUNCTION("""COMPUTED_VALUE"""),"기타") -> 기타 | G94: =IFERROR(__xludf.DUMMYFUNCTION("""COMPUTED_VALUE"""),"신규") -> 신규
A95: =IFERROR(__xludf.DUMMYFUNCTION("""COMPUTED_VALUE"""),"2026-04-04") -> 2026-04-04 | B95: =IFERROR(__xludf.DUMMYFUNCTION("""COMPUTED_VALUE"""),"박혜인8932") -> 박혜인8932 | C95: =IFERROR(__xludf.DUMMYFUNCTION("""COMPUTED_VALUE"""),"(김학림전종현) 쎄타_확통M수업") -> (김학림전종현) 쎄타_확통M수업 | D95: =IFERROR(__xludf.DUMMYFUNCTION("""COMPUTED_VALUE"""),"창고") -> 창고 | E95: =IFERROR(__xludf.DUMMYFUNCTION("""COMPUTED_VALUE"""),1.0) -> 1 | F95: =IFERROR(__xludf.DUMMYFUNCTION("""COMPUTED_VALUE"""),"기타") -> 기타 | G95: =IFERROR(__xludf.DUMMYFUNCTION("""COMPUTED_VALUE"""),"신규") -> 신규
A96: =IFERROR(__xludf.DUMMYFUNCTION("""COMPUTED_VALUE"""),"2026-04-04") -> 2026-04-04 | B96: =IFERROR(__xludf.DUMMYFUNCTION("""COMPUTED_VALUE"""),"박혜인8932") -> 박혜인8932 | C96: =IFERROR(__xludf.DUMMYFUNCTION("""COMPUTED_VALUE"""),"(김학림전종현) 쎄타_확통M피드백") -> (김학림전종현) 쎄타_확통M피드백 | D96: =IFERROR(__xludf.DUMMYFUNCTION("""COMPUTED_VALUE"""),"창고") -> 창고 | E96: =IFERROR(__xludf.DUMMYFUNCTION("""COMPUTED_VALUE"""),1.0) -> 1 | F96: =IFERROR(__xludf.DUMMYFUNCTION("""COMPUTED_VALUE"""),"기타") -> 기타 | G96: =IFERROR(__xludf.DUMMYFUNCTION("""COMPUTED_VALUE"""),"신규") -> 신규
A97: =IFERROR(__xludf.DUMMYFUNCTION("""COMPUTED_VALUE"""),"2026-04-04") -> 2026-04-04 | B97: =IFERROR(__xludf.DUMMYFUNCTION("""COMPUTED_VALUE"""),"박혜인8932") -> 박혜인8932 | C97: =IFERROR(__xludf.DUMMYFUNCTION("""COMPUTED_VALUE"""),"(한진구) 윤리와 사상") -> (한진구) 윤리와 사상 | D97: =IFERROR(__xludf.DUMMYFUNCTION("""COMPUTED_VALUE"""),"창고") -> 창고 | E97: =IFERROR(__xludf.DUMMYFUNCTION("""COMPUTED_VALUE"""),1.0) -> 1 | F97: =IFERROR(__xludf.DUMMYFUNCTION("""COMPUTED_VALUE"""),"기타") -> 기타 | G97: =IFERROR(__xludf.DUMMYFUNCTION("""COMPUTED_VALUE"""),"신규") -> 신규
A98: =IFERROR(__xludf.DUMMYFUNCTION("""COMPUTED_VALUE"""),"2026-04-04") -> 2026-04-04 | B98: =IFERROR(__xludf.DUMMYFUNCTION("""COMPUTED_VALUE"""),"정태환9622") -> 정태환9622 | C98: =IFERROR(__xludf.DUMMYFUNCTION("""COMPUTED_VALUE"""),"(강성욱) 사회문화") -> (강성욱) 사회문화 | D98: =IFERROR(__xludf.DUMMYFUNCTION("""COMPUTED_VALUE"""),"창고") -> 창고 | E98: =IFERROR(__xludf.DUMMYFUNCTION("""COMPUTED_VALUE"""),1.0) -> 1 | F98: =IFERROR(__xludf.DUMMYFUNCTION("""COMPUTED_VALUE"""),"기타") -> 기타 | G98: =IFERROR(__xludf.DUMMYFUNCTION("""COMPUTED_VALUE"""),"신규") -> 신규
A99: =IFERROR(__xludf.DUMMYFUNCTION("""COMPUTED_VALUE"""),"2026-04-04") -> 2026-04-04 | B99: =IFERROR(__xludf.DUMMYFUNCTION("""COMPUTED_VALUE"""),"정태환9622") -> 정태환9622 | C99: =IFERROR(__xludf.DUMMYFUNCTION("""COMPUTED_VALUE"""),"(국어선택) 화법과작문") -> (국어선택) 화법과작문 | D99: =IFERROR(__xludf.DUMMYFUNCTION("""COMPUTED_VALUE"""),"창고") -> 창고 | E99: =IFERROR(__xludf.DUMMYFUNCTION("""COMPUTED_VALUE"""),1.0) -> 1 | F99: =IFERROR(__xludf.DUMMYFUNCTION("""COMPUTED_VALUE"""),"기타") -> 기타 | G99: =IFERROR(__xludf.DUMMYFUNCTION("""COMPUTED_VALUE"""),"신규") -> 신규
A100: =IFERROR(__xludf.DUMMYFUNCTION("""COMPUTED_VALUE"""),"2026-04-04") -> 2026-04-04 | B100: =IFERROR(__xludf.DUMMYFUNCTION("""COMPUTED_VALUE"""),"정태환9622") -> 정태환9622 | C100: =IFERROR(__xludf.DUMMYFUNCTION("""COMPUTED_VALUE"""),"(이승국) 세계지리") -> (이승국) 세계지리 | D100: =IFERROR(__xludf.DUMMYFUNCTION("""COMPUTED_VALUE"""),"창고") -> 창고 | E100: =IFERROR(__xludf.DUMMYFUNCTION("""COMPUTED_VALUE"""),1.0) -> 1 | F100: =IFERROR(__xludf.DUMMYFUNCTION("""COMPUTED_VALUE"""),"기타") -> 기타 | G100: =IFERROR(__xludf.DUMMYFUNCTION("""COMPUTED_VALUE"""),"신규") -> 신규
A101: =IFERROR(__xludf.DUMMYFUNCTION("""COMPUTED_VALUE"""),"2026-04-04") -> 2026-04-04 | B101: =IFERROR(__xludf.DUMMYFUNCTION("""COMPUTED_VALUE"""),"정태환9622") -> 정태환9622 | C101: =IFERROR(__xludf.DUMMYFUNCTION("""COMPUTED_VALUE"""),"(진명화) 에센셜+_수2(수업)") -> (진명화) 에센셜+_수2(수업) | D101: =IFERROR(__xludf.DUMMYFUNCTION("""COMPUTED_VALUE"""),"창고") -> 창고 | E101: =IFERROR(__xludf.DUMMYFUNCTION("""COMPUTED_VALUE"""),1.0) -> 1 | F101: =IFERROR(__xludf.DUMMYFUNCTION("""COMPUTED_VALUE"""),"기타") -> 기타 | G101: =IFERROR(__xludf.DUMMYFUNCTION("""COMPUTED_VALUE"""),"신규") -> 신규
...

Sheet 전체현황판
A1: 전체 현황판 | I1: 배부 | M1: 회수 | Q1: 교재 이동 - 출고 | T1: 교재 이동 - 입고 | W1: 현재 재고
A2: 반명 | B2: 초기재고_창고 | C2: 초기재고_4층지원실 | D2: 초기재고_8층지원실 | E2: 추가재고_창고 | F2: 추가재고_4층지원실 | G2: 추가재고_8층지원실 | H2: 총입고합계 | I2: 배부_창고 | J2: 배부_4층지원실 | K2: 배부_8층지원실 | L2: 배부총합계 | M2: 회수_창고 | N2: 회수_4층지원실 | O2: 회수_8층지원실 | P2: 회수총합계 | Q2: 이동출고_창고 | R2: 이동출고_4층지원실 | S2: 이동출고_8층지원실 | T2: 이동입고_창고 | U2: 이동입고_4층지원실 | V2: 이동입고_8층지원실 | W2: 현재재고_창고 | X2: 현재재고_4층지원실 | Y2: 현재재고_8층지원실 | Z2: 현재총재고 | AA2: 재고상태
A3: =IFERROR(__xludf.DUMMYFUNCTION("SORT(UNIQUE(FILTER('교재재고'!B2:B999,'교재재고'!B2:B999<>"""")))"),"(강성욱) 사회문화") -> (강성욱) 사회문화 | B3: =IFERROR(SUMIFS('교재재고'!C:C,'교재재고'!B:B,$A3),0) -> 11 | C3: =IFERROR(SUMIFS('교재재고'!D:D,'교재재고'!B:B,$A3),0) -> 0 | D3: =IFERROR(SUMIFS('교재재고'!D:D,'교재재고'!B:B,$A3),0) -> 0 | E3: =IFERROR(SUMIFS('교재재고'!F:F,'교재재고'!B:B,$A3),0) +IFERROR(SUMIFS('교재재고'!I:I,'교재재고'!B:B,$A3),0) +IFERROR(SUMIFS('교재재고'!L:L,'교재재고'!B:B,$A3),0) +IFERROR(SUMIFS('교재재고'!O:O,'교재재고'!B:B,$A3),0) +IFERROR(SUMIFS('교재재고'!R:R,'교재재고'!B:B,$A3),0) -> 0 | F3: =IFERROR(SUMIFS('교재재고'!G:G,'교재재고'!B:B,$A3),0) +IFERROR(SUMIFS('교재재고'!J:J,'교재재고'!B:B,$A3),0) +IFERROR(SUMIFS('교재재고'!M:M,'교재재고'!B:B,$A3),0) +IFERROR(SUMIFS('교재재고'!P:P,'교재재고'!B:B,$A3),0) +IFERROR(SUMIFS('교재재고'!S:S,'교재재고'!B:B,$A3),0) -> 0 | G3: =IFERROR(SUMIFS('교재재고'!H:H,'교재재고'!B:B,$A3),0) +IFERROR(SUMIFS('교재재고'!K:K,'교재재고'!B:B,$A3),0) +IFERROR(SUMIFS('교재재고'!N:N,'교재재고'!B:B,$A3),0) +IFERROR(SUMIFS('교재재고'!Q:Q,'교재재고'!B:B,$A3),0) +IFERROR(SUMIFS('교재재고'!T:T,'교재재고'!B:B,$A3),0) -> 0 | H3: =SUM(B3:G3) -> 11 | I3: =IFERROR(SUMIFS('배부로그'!G:G,'배부로그'!D:D,$A3,'배부로그'!F:F,"창고"),0) -> 8 | J3: =IFERROR(SUMIFS('배부로그'!G:G,'배부로그'!D:D,$A3,'배부로그'!F:F,"4층지원실"),0) -> 0 | K3: =IFERROR(SUMIFS('배부로그'!G:G,'배부로그'!D:D,$A3,'배부로그'!F:F,"8층지원실"),0) -> 0 | L3: =SUM(I3:K3) -> 8 | M3: =IFERROR(SUMIFS('회수로그'!H:H,'회수로그'!E:E,$A3,'회수로그'!G:G,"창고"),0) -> 0 | N3: =IFERROR(SUMIFS('회수로그'!H:H,'회수로그'!E:E,$A3,'회수로그'!G:G,"4층지원실"),0) -> 0 | O3: =IFERROR(SUMIFS('회수로그'!H:H,'회수로그'!E:E,$A3,'회수로그'!G:G,"8층지원실"),0) -> 0 | P3: =SUM(M3:O3) -> 0 | Q3: =IFERROR(SUMIFS('재고이동로그'!F:F,'재고이동로그'!C:C,$A3,'재고이동로그'!D:D,"창고"),0) -> 0 | R3: =IFERROR(SUMIFS('재고이동로그'!F:F,'재고이동로그'!C:C,$A3,'재고이동로그'!E:E,"4층지원실"),0) -> 0 | S3: =IFERROR(SUMIFS('재고이동로그'!F:F,'재고이동로그'!C:C,$A3,'재고이동로그'!E:E,"8층지원실"),0) -> 0 | T3: =IFERROR(SUMIFS('재고이동로그'!F:F,'재고이동로그'!C:C,$A3,'재고이동로그'!E:E,"창고"),0) -> 0 | U3: =IFERROR(SUMIFS('재고이동로그'!F:F,'재고이동로그'!C:C,$A3,'재고이동로그'!E:E,"4층지원실"),0) -> 0 | V3: =IFERROR(SUMIFS('재고이동로그'!F:F,'재고이동로그'!C:C,$A3,'재고이동로그'!E:E,"8층지원실"),0) -> 0 | W3: =B3+E3-I3+M3-Q3+T3 -> 3 | X3: =C3+F3-J3+N3-R3+U3 -> 0 | Y3: =D3+G3-K3+O3-S3+V3 -> 0 | Z3: =SUM(W3:Y3) -> 3 | AA3: =IF(Z3<30,"부족","정상") -> 부족
A4: =IFERROR(__xludf.DUMMYFUNCTION("""COMPUTED_VALUE"""),"(강성욱) 정치와 법") -> (강성욱) 정치와 법 | B4: =IFERROR(SUMIFS('교재재고'!C:C,'교재재고'!B:B,$A4),0) -> 2 | C4: =IFERROR(SUMIFS('교재재고'!D:D,'교재재고'!B:B,$A4),0) -> 0 | D4: =IFERROR(SUMIFS('교재재고'!E:E,'교재재고'!B:B,$A4),0) -> 0 | E4: =IFERROR(SUMIFS('교재재고'!F:F,'교재재고'!B:B,$A4),0) +IFERROR(SUMIFS('교재재고'!I:I,'교재재고'!B:B,$A4),0) +IFERROR(SUMIFS('교재재고'!L:L,'교재재고'!B:B,$A4),0) +IFERROR(SUMIFS('교재재고'!O:O,'교재재고'!B:B,$A4),0) +IFERROR(SUMIFS('교재재고'!R:R,'교재재고'!B:B,$A4),0) -> 0 | F4: =IFERROR(SUMIFS('교재재고'!G:G,'교재재고'!B:B,$A4),0) +IFERROR(SUMIFS('교재재고'!J:J,'교재재고'!B:B,$A4),0) +IFERROR(SUMIFS('교재재고'!M:M,'교재재고'!B:B,$A4),0) +IFERROR(SUMIFS('교재재고'!P:P,'교재재고'!B:B,$A4),0) +IFERROR(SUMIFS('교재재고'!S:S,'교재재고'!B:B,$A4),0) -> 0 | G4: =IFERROR(SUMIFS('교재재고'!H:H,'교재재고'!B:B,$A4),0) +IFERROR(SUMIFS('교재재고'!K:K,'교재재고'!B:B,$A4),0) +IFERROR(SUMIFS('교재재고'!N:N,'교재재고'!B:B,$A4),0) +IFERROR(SUMIFS('교재재고'!Q:Q,'교재재고'!B:B,$A4),0) +IFERROR(SUMIFS('교재재고'!T:T,'교재재고'!B:B,$A4),0) -> 0 | H4: =SUM(B4:G4) -> 2 | I4: =IFERROR(SUMIFS('배부로그'!G:G,'배부로그'!D:D,$A4,'배부로그'!F:F,"창고"),0) -> 1 | J4: =IFERROR(SUMIFS('배부로그'!G:G,'배부로그'!D:D,$A4,'배부로그'!F:F,"4층지원실"),0) -> 0 | K4: =IFERROR(SUMIFS('배부로그'!G:G,'배부로그'!D:D,$A4,'배부로그'!F:F,"8층지원실"),0) -> 0 | L4: =SUM(I4:K4) -> 1 | M4: =IFERROR(SUMIFS('회수로그'!H:H,'회수로그'!E:E,$A4,'회수로그'!G:G,"창고"),0) -> 0 | N4: =IFERROR(SUMIFS('회수로그'!H:H,'회수로그'!E:E,$A4,'회수로그'!G:G,"4층지원실"),0) -> 0 | O4: =IFERROR(SUMIFS('회수로그'!H:H,'회수로그'!E:E,$A4,'회수로그'!G:G,"8층지원실"),0) -> 0 | P4: =SUM(M4:O4) -> 0 | Q4: =IFERROR(SUMIFS('재고이동로그'!F:F,'재고이동로그'!C:C,$A4,'재고이동로그'!D:D,"창고"),0) -> 0 | R4: =IFERROR(SUMIFS('재고이동로그'!F:F,'재고이동로그'!C:C,$A4,'재고이동로그'!E:E,"4층지원실"),0) -> 0 | S4: =IFERROR(SUMIFS('재고이동로그'!F:F,'재고이동로그'!C:C,$A4,'재고이동로그'!E:E,"8층지원실"),0) -> 0 | T4: =IFERROR(SUMIFS('재고이동로그'!F:F,'재고이동로그'!C:C,$A4,'재고이동로그'!E:E,"창고"),0) -> 0 | U4: =IFERROR(SUMIFS('재고이동로그'!F:F,'재고이동로그'!C:C,$A4,'재고이동로그'!E:E,"4층지원실"),0) -> 0 | V4: =IFERROR(SUMIFS('재고이동로그'!F:F,'재고이동로그'!C:C,$A4,'재고이동로그'!E:E,"8층지원실"),0) -> 0 | W4: =B4+E4-I4+M4-Q4+T4 -> 1 | X4: =C4+F4-J4+N4-R4+U4 -> 0 | Y4: =D4+G4-K4+O4-S4+V4 -> 0 | Z4: =SUM(W4:Y4) -> 1 | AA4: =IF(Z4<30,"부족","정상") -> 부족
A5: =IFERROR(__xludf.DUMMYFUNCTION("""COMPUTED_VALUE"""),"(강원휘) 생명과학") -> (강원휘) 생명과학 | B5: =IFERROR(SUMIFS('교재재고'!C:C,'교재재고'!B:B,$A5),0) -> 25 | C5: =IFERROR(SUMIFS('교재재고'!D:D,'교재재고'!B:B,$A5),0) -> 0 | D5: =IFERROR(SUMIFS('교재재고'!E:E,'교재재고'!B:B,$A5),0) -> 0 | E5: =IFERROR(SUMIFS('교재재고'!F:F,'교재재고'!B:B,$A5),0) +IFERROR(SUMIFS('교재재고'!I:I,'교재재고'!B:B,$A5),0) +IFERROR(SUMIFS('교재재고'!L:L,'교재재고'!B:B,$A5),0) +IFERROR(SUMIFS('교재재고'!O:O,'교재재고'!B:B,$A5),0) +IFERROR(SUMIFS('교재재고'!R:R,'교재재고'!B:B,$A5),0) -> 0 | F5: =IFERROR(SUMIFS('교재재고'!G:G,'교재재고'!B:B,$A5),0) +IFERROR(SUMIFS('교재재고'!J:J,'교재재고'!B:B,$A5),0) +IFERROR(SUMIFS('교재재고'!M:M,'교재재고'!B:B,$A5),0) +IFERROR(SUMIFS('교재재고'!P:P,'교재재고'!B:B,$A5),0) +IFERROR(SUMIFS('교재재고'!S:S,'교재재고'!B:B,$A5),0) -> 0 | G5: =IFERROR(SUMIFS('교재재고'!H:H,'교재재고'!B:B,$A5),0) +IFERROR(SUMIFS('교재재고'!K:K,'교재재고'!B:B,$A5),0) +IFERROR(SUMIFS('교재재고'!N:N,'교재재고'!B:B,$A5),0) +IFERROR(SUMIFS('교재재고'!Q:Q,'교재재고'!B:B,$A5),0) +IFERROR(SUMIFS('교재재고'!T:T,'교재재고'!B:B,$A5),0) -> 0 | H5: =SUM(B5:G5) -> 25 | I5: =IFERROR(SUMIFS('배부로그'!G:G,'배부로그'!D:D,$A5,'배부로그'!F:F,"창고"),0) -> 7 | J5: =IFERROR(SUMIFS('배부로그'!G:G,'배부로그'!D:D,$A5,'배부로그'!F:F,"4층지원실"),0) -> 0 | K5: =IFERROR(SUMIFS('배부로그'!G:G,'배부로그'!D:D,$A5,'배부로그'!F:F,"8층지원실"),0) -> 0 | L5: =SUM(I5:K5) -> 7 | M5: =IFERROR(SUMIFS('회수로그'!H:H,'회수로그'!E:E,$A5,'회수로그'!G:G,"창고"),0) -> 1 | N5: =IFERROR(SUMIFS('회수로그'!H:H,'회수로그'!E:E,$A5,'회수로그'!G:G,"4층지원실"),0) -> 0 | O5: =IFERROR(SUMIFS('회수로그'!H:H,'회수로그'!E:E,$A5,'회수로그'!G:G,"8층지원실"),0) -> 0 | P5: =SUM(M5:O5) -> 1 | Q5: =IFERROR(SUMIFS('재고이동로그'!F:F,'재고이동로그'!C:C,$A5,'재고이동로그'!D:D,"창고"),0) -> 0 | R5: =IFERROR(SUMIFS('재고이동로그'!F:F,'재고이동로그'!C:C,$A5,'재고이동로그'!E:E,"4층지원실"),0) -> 0 | S5: =IFERROR(SUMIFS('재고이동로그'!F:F,'재고이동로그'!C:C,$A5,'재고이동로그'!E:E,"8층지원실"),0) -> 0 | T5: =IFERROR(SUMIFS('재고이동로그'!F:F,'재고이동로그'!C:C,$A5,'재고이동로그'!E:E,"창고"),0) -> 0 | U5: =IFERROR(SUMIFS('재고이동로그'!F:F,'재고이동로그'!C:C,$A5,'재고이동로그'!E:E,"4층지원실"),0) -> 0 | V5: =IFERROR(SUMIFS('재고이동로그'!F:F,'재고이동로그'!C:C,$A5,'재고이동로그'!E:E,"8층지원실"),0) -> 0 | W5: =B5+E5-I5+M5-Q5+T5 -> 19 | X5: =C5+F5-J5+N5-R5+U5 -> 0 | Y5: =D5+G5-K5+O5-S5+V5 -> 0 | Z5: =SUM(W5:Y5) -> 19 | AA5: =IF(Z5<30,"부족","정상") -> 부족
A6: =IFERROR(__xludf.DUMMYFUNCTION("""COMPUTED_VALUE"""),"(고낙기) 화학") -> (고낙기) 화학 | B6: =IFERROR(SUMIFS('교재재고'!C:C,'교재재고'!B:B,$A6),0) -> 16 | C6: =IFERROR(SUMIFS('교재재고'!D:D,'교재재고'!B:B,$A6),0) -> 0 | D6: =IFERROR(SUMIFS('교재재고'!E:E,'교재재고'!B:B,$A6),0) -> 0 | E6: =IFERROR(SUMIFS('교재재고'!F:F,'교재재고'!B:B,$A6),0) +IFERROR(SUMIFS('교재재고'!I:I,'교재재고'!B:B,$A6),0) +IFERROR(SUMIFS('교재재고'!L:L,'교재재고'!B:B,$A6),0) +IFERROR(SUMIFS('교재재고'!O:O,'교재재고'!B:B,$A6),0) +IFERROR(SUMIFS('교재재고'!R:R,'교재재고'!B:B,$A6),0) -> 0 | F6: =IFERROR(SUMIFS('교재재고'!G:G,'교재재고'!B:B,$A6),0) +IFERROR(SUMIFS('교재재고'!J:J,'교재재고'!B:B,$A6),0) +IFERROR(SUMIFS('교재재고'!M:M,'교재재고'!B:B,$A6),0) +IFERROR(SUMIFS('교재재고'!P:P,'교재재고'!B:B,$A6),0) +IFERROR(SUMIFS('교재재고'!S:S,'교재재고'!B:B,$A6),0) -> 0 | G6: =IFERROR(SUMIFS('교재재고'!H:H,'교재재고'!B:B,$A6),0) +IFERROR(SUMIFS('교재재고'!K:K,'교재재고'!B:B,$A6),0) +IFERROR(SUMIFS('교재재고'!N:N,'교재재고'!B:B,$A6),0) +IFERROR(SUMIFS('교재재고'!Q:Q,'교재재고'!B:B,$A6),0) +IFERROR(SUMIFS('교재재고'!T:T,'교재재고'!B:B,$A6),0) -> 0 | H6: =SUM(B6:G6) -> 16 | I6: =IFERROR(SUMIFS('배부로그'!G:G,'배부로그'!D:D,$A6,'배부로그'!F:F,"창고"),0) -> 1 | J6: =IFERROR(SUMIFS('배부로그'!G:G,'배부로그'!D:D,$A6,'배부로그'!F:F,"4층지원실"),0) -> 0 | K6: =IFERROR(SUMIFS('배부로그'!G:G,'배부로그'!D:D,$A6,'배부로그'!F:F,"8층지원실"),0) -> 0 | L6: =SUM(I6:K6) -> 1 | M6: =IFERROR(SUMIFS('회수로그'!H:H,'회수로그'!E:E,$A6,'회수로그'!G:G,"창고"),0) -> 0 | N6: =IFERROR(SUMIFS('회수로그'!H:H,'회수로그'!E:E,$A6,'회수로그'!G:G,"4층지원실"),0) -> 0 | O6: =IFERROR(SUMIFS('회수로그'!H:H,'회수로그'!E:E,$A6,'회수로그'!G:G,"8층지원실"),0) -> 0 | P6: =SUM(M6:O6) -> 0 | Q6: =IFERROR(SUMIFS('재고이동로그'!F:F,'재고이동로그'!C:C,$A6,'재고이동로그'!D:D,"창고"),0) -> 0 | R6: =IFERROR(SUMIFS('재고이동로그'!F:F,'재고이동로그'!C:C,$A6,'재고이동로그'!E:E,"4층지원실"),0) -> 0 | S6: =IFERROR(SUMIFS('재고이동로그'!F:F,'재고이동로그'!C:C,$A6,'재고이동로그'!E:E,"8층지원실"),0) -> 0 | T6: =IFERROR(SUMIFS('재고이동로그'!F:F,'재고이동로그'!C:C,$A6,'재고이동로그'!E:E,"창고"),0) -> 0 | U6: =IFERROR(SUMIFS('재고이동로그'!F:F,'재고이동로그'!C:C,$A6,'재고이동로그'!E:E,"4층지원실"),0) -> 0 | V6: =IFERROR(SUMIFS('재고이동로그'!F:F,'재고이동로그'!C:C,$A6,'재고이동로그'!E:E,"8층지원실"),0) -> 0 | W6: =B6+E6-I6+M6-Q6+T6 -> 15 | X6: =C6+F6-J6+N6-R6+U6 -> 0 | Y6: =D6+G6-K6+O6-S6+V6 -> 0 | Z6: =SUM(W6:Y6) -> 15 | AA6: =IF(Z6<30,"부족","정상") -> 부족
A7: =IFERROR(__xludf.DUMMYFUNCTION("""COMPUTED_VALUE"""),"(국매깨) 10주차") -> (국매깨) 10주차 | B7: =IFERROR(SUMIFS('교재재고'!C:C,'교재재고'!B:B,$A7),0) -> 667 | C7: =IFERROR(SUMIFS('교재재고'!D:D,'교재재고'!B:B,$A7),0) -> 0 | D7: =IFERROR(SUMIFS('교재재고'!E:E,'교재재고'!B:B,$A7),0) -> 0 | E7: =IFERROR(SUMIFS('교재재고'!F:F,'교재재고'!B:B,$A7),0) +IFERROR(SUMIFS('교재재고'!I:I,'교재재고'!B:B,$A7),0) +IFERROR(SUMIFS('교재재고'!L:L,'교재재고'!B:B,$A7),0) +IFERROR(SUMIFS('교재재고'!O:O,'교재재고'!B:B,$A7),0) +IFERROR(SUMIFS('교재재고'!R:R,'교재재고'!B:B,$A7),0) -> 0 | F7: =IFERROR(SUMIFS('교재재고'!G:G,'교재재고'!B:B,$A7),0) +IFERROR(SUMIFS('교재재고'!J:J,'교재재고'!B:B,$A7),0) +IFERROR(SUMIFS('교재재고'!M:M,'교재재고'!B:B,$A7),0) +IFERROR(SUMIFS('교재재고'!P:P,'교재재고'!B:B,$A7),0) +IFERROR(SUMIFS('교재재고'!S:S,'교재재고'!B:B,$A7),0) -> 0 | G7: =IFERROR(SUMIFS('교재재고'!H:H,'교재재고'!B:B,$A7),0) +IFERROR(SUMIFS('교재재고'!K:K,'교재재고'!B:B,$A7),0) +IFERROR(SUMIFS('교재재고'!N:N,'교재재고'!B:B,$A7),0) +IFERROR(SUMIFS('교재재고'!Q:Q,'교재재고'!B:B,$A7),0) +IFERROR(SUMIFS('교재재고'!T:T,'교재재고'!B:B,$A7),0) -> 0 | H7: =SUM(B7:G7) -> 667 | I7: =IFERROR(SUMIFS('배부로그'!G:G,'배부로그'!D:D,$A7,'배부로그'!F:F,"창고"),0) -> 0 | J7: =IFERROR(SUMIFS('배부로그'!G:G,'배부로그'!D:D,$A7,'배부로그'!F:F,"4층지원실"),0) -> 0 | K7: =IFERROR(SUMIFS('배부로그'!G:G,'배부로그'!D:D,$A7,'배부로그'!F:F,"8층지원실"),0) -> 0 | L7: =SUM(I7:K7) -> 0 | M7: =IFERROR(SUMIFS('회수로그'!H:H,'회수로그'!E:E,$A7,'회수로그'!G:G,"창고"),0) -> 0 | N7: =IFERROR(SUMIFS('회수로그'!H:H,'회수로그'!E:E,$A7,'회수로그'!G:G,"4층지원실"),0) -> 0 | O7: =IFERROR(SUMIFS('회수로그'!H:H,'회수로그'!E:E,$A7,'회수로그'!G:G,"8층지원실"),0) -> 0 | P7: =SUM(M7:O7) -> 0 | Q7: =IFERROR(SUMIFS('재고이동로그'!F:F,'재고이동로그'!C:C,$A7,'재고이동로그'!D:D,"창고"),0) -> 0 | R7: =IFERROR(SUMIFS('재고이동로그'!F:F,'재고이동로그'!C:C,$A7,'재고이동로그'!E:E,"4층지원실"),0) -> 0 | S7: =IFERROR(SUMIFS('재고이동로그'!F:F,'재고이동로그'!C:C,$A7,'재고이동로그'!E:E,"8층지원실"),0) -> 0 | T7: =IFERROR(SUMIFS('재고이동로그'!F:F,'재고이동로그'!C:C,$A7,'재고이동로그'!E:E,"창고"),0) -> 0 | U7: =IFERROR(SUMIFS('재고이동로그'!F:F,'재고이동로그'!C:C,$A7,'재고이동로그'!E:E,"4층지원실"),0) -> 0 | V7: =IFERROR(SUMIFS('재고이동로그'!F:F,'재고이동로그'!C:C,$A7,'재고이동로그'!E:E,"8층지원실"),0) -> 0 | W7: =B7+E7-I7+M7-Q7+T7 -> 667 | X7: =C7+F7-J7+N7-R7+U7 -> 0 | Y7: =D7+G7-K7+O7-S7+V7 -> 0 | Z7: =SUM(W7:Y7) -> 667 | AA7: =IF(Z7<30,"부족","정상") -> 정상
A8: =IFERROR(__xludf.DUMMYFUNCTION("""COMPUTED_VALUE"""),"(국매깨) 9주차") -> (국매깨) 9주차 | B8: =IFERROR(SUMIFS('교재재고'!C:C,'교재재고'!B:B,$A8),0) -> 663 | C8: =IFERROR(SUMIFS('교재재고'!D:D,'교재재고'!B:B,$A8),0) -> 0 | D8: =IFERROR(SUMIFS('교재재고'!E:E,'교재재고'!B:B,$A8),0) -> 0 | E8: =IFERROR(SUMIFS('교재재고'!F:F,'교재재고'!B:B,$A8),0) +IFERROR(SUMIFS('교재재고'!I:I,'교재재고'!B:B,$A8),0) +IFERROR(SUMIFS('교재재고'!L:L,'교재재고'!B:B,$A8),0) +IFERROR(SUMIFS('교재재고'!O:O,'교재재고'!B:B,$A8),0) +IFERROR(SUMIFS('교재재고'!R:R,'교재재고'!B:B,$A8),0) -> 0 | F8: =IFERROR(SUMIFS('교재재고'!G:G,'교재재고'!B:B,$A8),0) +IFERROR(SUMIFS('교재재고'!J:J,'교재재고'!B:B,$A8),0) +IFERROR(SUMIFS('교재재고'!M:M,'교재재고'!B:B,$A8),0) +IFERROR(SUMIFS('교재재고'!P:P,'교재재고'!B:B,$A8),0) +IFERROR(SUMIFS('교재재고'!S:S,'교재재고'!B:B,$A8),0) -> 0 | G8: =IFERROR(SUMIFS('교재재고'!H:H,'교재재고'!B:B,$A8),0) +IFERROR(SUMIFS('교재재고'!K:K,'교재재고'!B:B,$A8),0) +IFERROR(SUMIFS('교재재고'!N:N,'교재재고'!B:B,$A8),0) +IFERROR(SUMIFS('교재재고'!Q:Q,'교재재고'!B:B,$A8),0) +IFERROR(SUMIFS('교재재고'!T:T,'교재재고'!B:B,$A8),0) -> 0 | H8: =SUM(B8:G8) -> 663 | I8: =IFERROR(SUMIFS('배부로그'!G:G,'배부로그'!D:D,$A8,'배부로그'!F:F,"창고"),0) -> 663 | J8: =IFERROR(SUMIFS('배부로그'!G:G,'배부로그'!D:D,$A8,'배부로그'!F:F,"4층지원실"),0) -> 0 | K8: =IFERROR(SUMIFS('배부로그'!G:G,'배부로그'!D:D,$A8,'배부로그'!F:F,"8층지원실"),0) -> 0 | L8: =SUM(I8:K8) -> 663 | M8: =IFERROR(SUMIFS('회수로그'!H:H,'회수로그'!E:E,$A8,'회수로그'!G:G,"창고"),0) -> 0 | N8: =IFERROR(SUMIFS('회수로그'!H:H,'회수로그'!E:E,$A8,'회수로그'!G:G,"4층지원실"),0) -> 0 | O8: =IFERROR(SUMIFS('회수로그'!H:H,'회수로그'!E:E,$A8,'회수로그'!G:G,"8층지원실"),0) -> 0 | P8: =SUM(M8:O8) -> 0 | Q8: =IFERROR(SUMIFS('재고이동로그'!F:F,'재고이동로그'!C:C,$A8,'재고이동로그'!D:D,"창고"),0) -> 0 | R8: =IFERROR(SUMIFS('재고이동로그'!F:F,'재고이동로그'!C:C,$A8,'재고이동로그'!E:E,"4층지원실"),0) -> 0 | S8: =IFERROR(SUMIFS('재고이동로그'!F:F,'재고이동로그'!C:C,$A8,'재고이동로그'!E:E,"8층지원실"),0) -> 0 | T8: =IFERROR(SUMIFS('재고이동로그'!F:F,'재고이동로그'!C:C,$A8,'재고이동로그'!E:E,"창고"),0) -> 0 | U8: =IFERROR(SUMIFS('재고이동로그'!F:F,'재고이동로그'!C:C,$A8,'재고이동로그'!E:E,"4층지원실"),0) -> 0 | V8: =IFERROR(SUMIFS('재고이동로그'!F:F,'재고이동로그'!C:C,$A8,'재고이동로그'!E:E,"8층지원실"),0) -> 0 | W8: =B8+E8-I8+M8-Q8+T8 -> 0 | X8: =C8+F8-J8+N8-R8+U8 -> 0 | Y8: =D8+G8-K8+O8-S8+V8 -> 0 | Z8: =SUM(W8:Y8) -> 0 | AA8: =IF(Z8<30,"부족","정상") -> 부족
A9: =IFERROR(__xludf.DUMMYFUNCTION("""COMPUTED_VALUE"""),"(국어선택) 언어와매체") -> (국어선택) 언어와매체 | B9: =IFERROR(SUMIFS('교재재고'!C:C,'교재재고'!B:B,$A9),0) -> 8 | C9: =IFERROR(SUMIFS('교재재고'!D:D,'교재재고'!B:B,$A9),0) -> 0 | D9: =IFERROR(SUMIFS('교재재고'!E:E,'교재재고'!B:B,$A9),0) -> 0 | E9: =IFERROR(SUMIFS('교재재고'!F:F,'교재재고'!B:B,$A9),0) +IFERROR(SUMIFS('교재재고'!I:I,'교재재고'!B:B,$A9),0) +IFERROR(SUMIFS('교재재고'!L:L,'교재재고'!B:B,$A9),0) +IFERROR(SUMIFS('교재재고'!O:O,'교재재고'!B:B,$A9),0) +IFERROR(SUMIFS('교재재고'!R:R,'교재재고'!B:B,$A9),0) -> 10 | F9: =IFERROR(SUMIFS('교재재고'!G:G,'교재재고'!B:B,$A9),0) +IFERROR(SUMIFS('교재재고'!J:J,'교재재고'!B:B,$A9),0) +IFERROR(SUMIFS('교재재고'!M:M,'교재재고'!B:B,$A9),0) +IFERROR(SUMIFS('교재재고'!P:P,'교재재고'!B:B,$A9),0) +IFERROR(SUMIFS('교재재고'!S:S,'교재재고'!B:B,$A9),0) -> 0 | G9: =IFERROR(SUMIFS('교재재고'!H:H,'교재재고'!B:B,$A9),0) +IFERROR(SUMIFS('교재재고'!K:K,'교재재고'!B:B,$A9),0) +IFERROR(SUMIFS('교재재고'!N:N,'교재재고'!B:B,$A9),0) +IFERROR(SUMIFS('교재재고'!Q:Q,'교재재고'!B:B,$A9),0) +IFERROR(SUMIFS('교재재고'!T:T,'교재재고'!B:B,$A9),0) -> 0 | H9: =SUM(B9:G9) -> 18 | I9: =IFERROR(SUMIFS('배부로그'!G:G,'배부로그'!D:D,$A9,'배부로그'!F:F,"창고"),0) -> 8 | J9: =IFERROR(SUMIFS('배부로그'!G:G,'배부로그'!D:D,$A9,'배부로그'!F:F,"4층지원실"),0) -> 0 | K9: =IFERROR(SUMIFS('배부로그'!G:G,'배부로그'!D:D,$A9,'배부로그'!F:F,"8층지원실"),0) -> 0 | L9: =SUM(I9:K9) -> 8 | M9: =IFERROR(SUMIFS('회수로그'!H:H,'회수로그'!E:E,$A9,'회수로그'!G:G,"창고"),0) -> 0 | N9: =IFERROR(SUMIFS('회수로그'!H:H,'회수로그'!E:E,$A9,'회수로그'!G:G,"4층지원실"),0) -> 0 | O9: =IFERROR(SUMIFS('회수로그'!H:H,'회수로그'!E:E,$A9,'회수로그'!G:G,"8층지원실"),0) -> 0 | P9: =SUM(M9:O9) -> 0 | Q9: =IFERROR(SUMIFS('재고이동로그'!F:F,'재고이동로그'!C:C,$A9,'재고이동로그'!D:D,"창고"),0) -> 0 | R9: =IFERROR(SUMIFS('재고이동로그'!F:F,'재고이동로그'!C:C,$A9,'재고이동로그'!E:E,"4층지원실"),0) -> 0 | S9: =IFERROR(SUMIFS('재고이동로그'!F:F,'재고이동로그'!C:C,$A9,'재고이동로그'!E:E,"8층지원실"),0) -> 0 | T9: =IFERROR(SUMIFS('재고이동로그'!F:F,'재고이동로그'!C:C,$A9,'재고이동로그'!E:E,"창고"),0) -> 0 | U9: =IFERROR(SUMIFS('재고이동로그'!F:F,'재고이동로그'!C:C,$A9,'재고이동로그'!E:E,"4층지원실"),0) -> 0 | V9: =IFERROR(SUMIFS('재고이동로그'!F:F,'재고이동로그'!C:C,$A9,'재고이동로그'!E:E,"8층지원실"),0) -> 0 | W9: =B9+E9-I9+M9-Q9+T9 -> 10 | X9: =C9+F9-J9+N9-R9+U9 -> 0 | Y9: =D9+G9-K9+O9-S9+V9 -> 0 | Z9: =SUM(W9:Y9) -> 10 | AA9: =IF(Z9<30,"부족","정상") -> 부족
A10: =IFERROR(__xludf.DUMMYFUNCTION("""COMPUTED_VALUE"""),"(국어선택) 화법과작문") -> (국어선택) 화법과작문 | B10: =IFERROR(SUMIFS('교재재고'!C:C,'교재재고'!B:B,$A10),0) -> 15 | C10: =IFERROR(SUMIFS('교재재고'!D:D,'교재재고'!B:B,$A10),0) -> 0 | D10: =IFERROR(SUMIFS('교재재고'!E:E,'교재재고'!B:B,$A10),0) -> 0 | E10: =IFERROR(SUMIFS('교재재고'!F:F,'교재재고'!B:B,$A10),0) +IFERROR(SUMIFS('교재재고'!I:I,'교재재고'!B:B,$A10),0) +IFERROR(SUMIFS('교재재고'!L:L,'교재재고'!B:B,$A10),0) +IFERROR(SUMIFS('교재재고'!O:O,'교재재고'!B:B,$A10),0) +IFERROR(SUMIFS('교재재고'!R:R,'교재재고'!B:B,$A10),0) -> 29 | F10: =IFERROR(SUMIFS('교재재고'!G:G,'교재재고'!B:B,$A10),0) +IFERROR(SUMIFS('교재재고'!J:J,'교재재고'!B:B,$A10),0) +IFERROR(SUMIFS('교재재고'!M:M,'교재재고'!B:B,$A10),0) +IFERROR(SUMIFS('교재재고'!P:P,'교재재고'!B:B,$A10),0) +IFERROR(SUMIFS('교재재고'!S:S,'교재재고'!B:B,$A10),0) -> 0 | G10: =IFERROR(SUMIFS('교재재고'!H:H,'교재재고'!B:B,$A10),0) +IFERROR(SUMIFS('교재재고'!K:K,'교재재고'!B:B,$A10),0) +IFERROR(SUMIFS('교재재고'!N:N,'교재재고'!B:B,$A10),0) +IFERROR(SUMIFS('교재재고'!Q:Q,'교재재고'!B:B,$A10),0) +IFERROR(SUMIFS('교재재고'!T:T,'교재재고'!B:B,$A10),0) -> 0 | H10: =SUM(B10:G10) -> 44 | I10: =IFERROR(SUMIFS('배부로그'!G:G,'배부로그'!D:D,$A10,'배부로그'!F:F,"창고"),0) -> 17 | J10: =IFERROR(SUMIFS('배부로그'!G:G,'배부로그'!D:D,$A10,'배부로그'!F:F,"4층지원실"),0) -> 0 | K10: =IFERROR(SUMIFS('배부로그'!G:G,'배부로그'!D:D,$A10,'배부로그'!F:F,"8층지원실"),0) -> 0 | L10: =SUM(I10:K10) -> 17 | M10: =IFERROR(SUMIFS('회수로그'!H:H,'회수로그'!E:E,$A10,'회수로그'!G:G,"창고"),0) -> 0 | N10: =IFERROR(SUMIFS('회수로그'!H:H,'회수로그'!E:E,$A10,'회수로그'!G:G,"4층지원실"),0) -> 0 | O10: =IFERROR(SUMIFS('회수로그'!H:H,'회수로그'!E:E,$A10,'회수로그'!G:G,"8층지원실"),0) -> 0 | P10: =SUM(M10:O10) -> 0 | Q10: =IFERROR(SUMIFS('재고이동로그'!F:F,'재고이동로그'!C:C,$A10,'재고이동로그'!D:D,"창고"),0) -> 0 | R10: =IFERROR(SUMIFS('재고이동로그'!F:F,'재고이동로그'!C:C,$A10,'재고이동로그'!E:E,"4층지원실"),0) -> 0 | S10: =IFERROR(SUMIFS('재고이동로그'!F:F,'재고이동로그'!C:C,$A10,'재고이동로그'!E:E,"8층지원실"),0) -> 0 | T10: =IFERROR(SUMIFS('재고이동로그'!F:F,'재고이동로그'!C:C,$A10,'재고이동로그'!E:E,"창고"),0) -> 0 | U10: =IFERROR(SUMIFS('재고이동로그'!F:F,'재고이동로그'!C:C,$A10,'재고이동로그'!E:E,"4층지원실"),0) -> 0 | V10: =IFERROR(SUMIFS('재고이동로그'!F:F,'재고이동로그'!C:C,$A10,'재고이동로그'!E:E,"8층지원실"),0) -> 0 | W10: =B10+E10-I10+M10-Q10+T10 -> 27 | X10: =C10+F10-J10+N10-R10+U10 -> 0 | Y10: =D10+G10-K10+O10-S10+V10 -> 0 | Z10: =SUM(W10:Y10) -> 27 | AA10: =IF(Z10<30,"부족","정상") -> 부족
A11: =IFERROR(__xludf.DUMMYFUNCTION("""COMPUTED_VALUE"""),"(김종훈) 국어다지기_독서2") -> (김종훈) 국어다지기_독서2 | B11: =IFERROR(SUMIFS('교재재고'!C:C,'교재재고'!B:B,$A11),0) -> 140 | C11: =IFERROR(SUMIFS('교재재고'!D:D,'교재재고'!B:B,$A11),0) -> 0 | D11: =IFERROR(SUMIFS('교재재고'!E:E,'교재재고'!B:B,$A11),0) -> 0 | E11: =IFERROR(SUMIFS('교재재고'!F:F,'교재재고'!B:B,$A11),0) +IFERROR(SUMIFS('교재재고'!I:I,'교재재고'!B:B,$A11),0) +IFERROR(SUMIFS('교재재고'!L:L,'교재재고'!B:B,$A11),0) +IFERROR(SUMIFS('교재재고'!O:O,'교재재고'!B:B,$A11),0) +IFERROR(SUMIFS('교재재고'!R:R,'교재재고'!B:B,$A11),0) -> 0 | F11: =IFERROR(SUMIFS('교재재고'!G:G,'교재재고'!B:B,$A11),0) +IFERROR(SUMIFS('교재재고'!J:J,'교재재고'!B:B,$A11),0) +IFERROR(SUMIFS('교재재고'!M:M,'교재재고'!B:B,$A11),0) +IFERROR(SUMIFS('교재재고'!P:P,'교재재고'!B:B,$A11),0) +IFERROR(SUMIFS('교재재고'!S:S,'교재재고'!B:B,$A11),0) -> 0 | G11: =IFERROR(SUMIFS('교재재고'!H:H,'교재재고'!B:B,$A11),0) +IFERROR(SUMIFS('교재재고'!K:K,'교재재고'!B:B,$A11),0) +IFERROR(SUMIFS('교재재고'!N:N,'교재재고'!B:B,$A11),0) +IFERROR(SUMIFS('교재재고'!Q:Q,'교재재고'!B:B,$A11),0) +IFERROR(SUMIFS('교재재고'!T:T,'교재재고'!B:B,$A11),0) -> 0 | H11: =SUM(B11:G11) -> 140 | I11: =IFERROR(SUMIFS('배부로그'!G:G,'배부로그'!D:D,$A11,'배부로그'!F:F,"창고"),0) -> 0 | J11: =IFERROR(SUMIFS('배부로그'!G:G,'배부로그'!D:D,$A11,'배부로그'!F:F,"4층지원실"),0) -> 0 | K11: =IFERROR(SUMIFS('배부로그'!G:G,'배부로그'!D:D,$A11,'배부로그'!F:F,"8층지원실"),0) -> 0 | L11: =SUM(I11:K11) -> 0 | M11: =IFERROR(SUMIFS('회수로그'!H:H,'회수로그'!E:E,$A11,'회수로그'!G:G,"창고"),0) -> 0 | N11: =IFERROR(SUMIFS('회수로그'!H:H,'회수로그'!E:E,$A11,'회수로그'!G:G,"4층지원실"),0) -> 0 | O11: =IFERROR(SUMIFS('회수로그'!H:H,'회수로그'!E:E,$A11,'회수로그'!G:G,"8층지원실"),0) -> 0 | P11: =SUM(M11:O11) -> 0 | Q11: =IFERROR(SUMIFS('재고이동로그'!F:F,'재고이동로그'!C:C,$A11,'재고이동로그'!D:D,"창고"),0) -> 0 | R11: =IFERROR(SUMIFS('재고이동로그'!F:F,'재고이동로그'!C:C,$A11,'재고이동로그'!E:E,"4층지원실"),0) -> 0 | S11: =IFERROR(SUMIFS('재고이동로그'!F:F,'재고이동로그'!C:C,$A11,'재고이동로그'!E:E,"8층지원실"),0) -> 0 | T11: =IFERROR(SUMIFS('재고이동로그'!F:F,'재고이동로그'!C:C,$A11,'재고이동로그'!E:E,"창고"),0) -> 0 | U11: =IFERROR(SUMIFS('재고이동로그'!F:F,'재고이동로그'!C:C,$A11,'재고이동로그'!E:E,"4층지원실"),0) -> 0 | V11: =IFERROR(SUMIFS('재고이동로그'!F:F,'재고이동로그'!C:C,$A11,'재고이동로그'!E:E,"8층지원실"),0) -> 0 | W11: =B11+E11-I11+M11-Q11+T11 -> 140 | X11: =C11+F11-J11+N11-R11+U11 -> 0 | Y11: =D11+G11-K11+O11-S11+V11 -> 0 | Z11: =SUM(W11:Y11) -> 140 | AA11: =IF(Z11<30,"부족","정상") -> 정상
A12: =IFERROR(__xludf.DUMMYFUNCTION("""COMPUTED_VALUE"""),"(김종훈) 국어다지기_문학2") -> (김종훈) 국어다지기_문학2 | B12: =IFERROR(SUMIFS('교재재고'!C:C,'교재재고'!B:B,$A12),0) -> 140 | C12: =IFERROR(SUMIFS('교재재고'!D:D,'교재재고'!B:B,$A12),0) -> 0 | D12: =IFERROR(SUMIFS('교재재고'!E:E,'교재재고'!B:B,$A12),0) -> 0 | E12: =IFERROR(SUMIFS('교재재고'!F:F,'교재재고'!B:B,$A12),0) +IFERROR(SUMIFS('교재재고'!I:I,'교재재고'!B:B,$A12),0) +IFERROR(SUMIFS('교재재고'!L:L,'교재재고'!B:B,$A12),0) +IFERROR(SUMIFS('교재재고'!O:O,'교재재고'!B:B,$A12),0) +IFERROR(SUMIFS('교재재고'!R:R,'교재재고'!B:B,$A12),0) -> 0 | F12: =IFERROR(SUMIFS('교재재고'!G:G,'교재재고'!B:B,$A12),0) +IFERROR(SUMIFS('교재재고'!J:J,'교재재고'!B:B,$A12),0) +IFERROR(SUMIFS('교재재고'!M:M,'교재재고'!B:B,$A12),0) +IFERROR(SUMIFS('교재재고'!P:P,'교재재고'!B:B,$A12),0) +IFERROR(SUMIFS('교재재고'!S:S,'교재재고'!B:B,$A12),0) -> 0 | G12: =IFERROR(SUMIFS('교재재고'!H:H,'교재재고'!B:B,$A12),0) +IFERROR(SUMIFS('교재재고'!K:K,'교재재고'!B:B,$A12),0) +IFERROR(SUMIFS('교재재고'!N:N,'교재재고'!B:B,$A12),0) +IFERROR(SUMIFS('교재재고'!Q:Q,'교재재고'!B:B,$A12),0) +IFERROR(SUMIFS('교재재고'!T:T,'교재재고'!B:B,$A12),0) -> 0 | H12: =SUM(B12:G12) -> 140 | I12: =IFERROR(SUMIFS('배부로그'!G:G,'배부로그'!D:D,$A12,'배부로그'!F:F,"창고"),0) -> 0 | J12: =IFERROR(SUMIFS('배부로그'!G:G,'배부로그'!D:D,$A12,'배부로그'!F:F,"4층지원실"),0) -> 0 | K12: =IFERROR(SUMIFS('배부로그'!G:G,'배부로그'!D:D,$A12,'배부로그'!F:F,"8층지원실"),0) -> 0 | L12: =SUM(I12:K12) -> 0 | M12: =IFERROR(SUMIFS('회수로그'!H:H,'회수로그'!E:E,$A12,'회수로그'!G:G,"창고"),0) -> 0 | N12: =IFERROR(SUMIFS('회수로그'!H:H,'회수로그'!E:E,$A12,'회수로그'!G:G,"4층지원실"),0) -> 0 | O12: =IFERROR(SUMIFS('회수로그'!H:H,'회수로그'!E:E,$A12,'회수로그'!G:G,"8층지원실"),0) -> 0 | P12: =SUM(M12:O12) -> 0 | Q12: =IFERROR(SUMIFS('재고이동로그'!F:F,'재고이동로그'!C:C,$A12,'재고이동로그'!D:D,"창고"),0) -> 0 | R12: =IFERROR(SUMIFS('재고이동로그'!F:F,'재고이동로그'!C:C,$A12,'재고이동로그'!E:E,"4층지원실"),0) -> 0 | S12: =IFERROR(SUMIFS('재고이동로그'!F:F,'재고이동로그'!C:C,$A12,'재고이동로그'!E:E,"8층지원실"),0) -> 0 | T12: =IFERROR(SUMIFS('재고이동로그'!F:F,'재고이동로그'!C:C,$A12,'재고이동로그'!E:E,"창고"),0) -> 0 | U12: =IFERROR(SUMIFS('재고이동로그'!F:F,'재고이동로그'!C:C,$A12,'재고이동로그'!E:E,"4층지원실"),0) -> 0 | V12: =IFERROR(SUMIFS('재고이동로그'!F:F,'재고이동로그'!C:C,$A12,'재고이동로그'!E:E,"8층지원실"),0) -> 0 | W12: =B12+E12-I12+M12-Q12+T12 -> 140 | X12: =C12+F12-J12+N12-R12+U12 -> 0 | Y12: =D12+G12-K12+O12-S12+V12 -> 0 | Z12: =SUM(W12:Y12) -> 140 | AA12: =IF(Z12<30,"부족","정상") -> 정상
A13: =IFERROR(__xludf.DUMMYFUNCTION("""COMPUTED_VALUE"""),"(김춘근김희준) pop 2") -> (김춘근김희준) pop 2 | B13: =IFERROR(SUMIFS('교재재고'!C:C,'교재재고'!B:B,$A13),0) -> 526 | C13: =IFERROR(SUMIFS('교재재고'!D:D,'교재재고'!B:B,$A13),0) -> 0 | D13: =IFERROR(SUMIFS('교재재고'!E:E,'교재재고'!B:B,$A13),0) -> 0 | E13: =IFERROR(SUMIFS('교재재고'!F:F,'교재재고'!B:B,$A13),0) +IFERROR(SUMIFS('교재재고'!I:I,'교재재고'!B:B,$A13),0) +IFERROR(SUMIFS('교재재고'!L:L,'교재재고'!B:B,$A13),0) +IFERROR(SUMIFS('교재재고'!O:O,'교재재고'!B:B,$A13),0) +IFERROR(SUMIFS('교재재고'!R:R,'교재재고'!B:B,$A13),0) -> 0 | F13: =IFERROR(SUMIFS('교재재고'!G:G,'교재재고'!B:B,$A13),0) +IFERROR(SUMIFS('교재재고'!J:J,'교재재고'!B:B,$A13),0) +IFERROR(SUMIFS('교재재고'!M:M,'교재재고'!B:B,$A13),0) +IFERROR(SUMIFS('교재재고'!P:P,'교재재고'!B:B,$A13),0) +IFERROR(SUMIFS('교재재고'!S:S,'교재재고'!B:B,$A13),0) -> 0 | G13: =IFERROR(SUMIFS('교재재고'!H:H,'교재재고'!B:B,$A13),0) +IFERROR(SUMIFS('교재재고'!K:K,'교재재고'!B:B,$A13),0) +IFERROR(SUMIFS('교재재고'!N:N,'교재재고'!B:B,$A13),0) +IFERROR(SUMIFS('교재재고'!Q:Q,'교재재고'!B:B,$A13),0) +IFERROR(SUMIFS('교재재고'!T:T,'교재재고'!B:B,$A13),0) -> 0 | H13: =SUM(B13:G13) -> 526 | I13: =IFERROR(SUMIFS('배부로그'!G:G,'배부로그'!D:D,$A13,'배부로그'!F:F,"창고"),0) -> 0 | J13: =IFERROR(SUMIFS('배부로그'!G:G,'배부로그'!D:D,$A13,'배부로그'!F:F,"4층지원실"),0) -> 0 | K13: =IFERROR(SUMIFS('배부로그'!G:G,'배부로그'!D:D,$A13,'배부로그'!F:F,"8층지원실"),0) -> 0 | L13: =SUM(I13:K13) -> 0 | M13: =IFERROR(SUMIFS('회수로그'!H:H,'회수로그'!E:E,$A13,'회수로그'!G:G,"창고"),0) -> 0 | N13: =IFERROR(SUMIFS('회수로그'!H:H,'회수로그'!E:E,$A13,'회수로그'!G:G,"4층지원실"),0) -> 0 | O13: =IFERROR(SUMIFS('회수로그'!H:H,'회수로그'!E:E,$A13,'회수로그'!G:G,"8층지원실"),0) -> 0 | P13: =SUM(M13:O13) -> 0 | Q13: =IFERROR(SUMIFS('재고이동로그'!F:F,'재고이동로그'!C:C,$A13,'재고이동로그'!D:D,"창고"),0) -> 0 | R13: =IFERROR(SUMIFS('재고이동로그'!F:F,'재고이동로그'!C:C,$A13,'재고이동로그'!E:E,"4층지원실"),0) -> 0 | S13: =IFERROR(SUMIFS('재고이동로그'!F:F,'재고이동로그'!C:C,$A13,'재고이동로그'!E:E,"8층지원실"),0) -> 0 | T13: =IFERROR(SUMIFS('재고이동로그'!F:F,'재고이동로그'!C:C,$A13,'재고이동로그'!E:E,"창고"),0) -> 0 | U13: =IFERROR(SUMIFS('재고이동로그'!F:F,'재고이동로그'!C:C,$A13,'재고이동로그'!E:E,"4층지원실"),0) -> 0 | V13: =IFERROR(SUMIFS('재고이동로그'!F:F,'재고이동로그'!C:C,$A13,'재고이동로그'!E:E,"8층지원실"),0) -> 0 | W13: =B13+E13-I13+M13-Q13+T13 -> 526 | X13: =C13+F13-J13+N13-R13+U13 -> 0 | Y13: =D13+G13-K13+O13-S13+V13 -> 0 | Z13: =SUM(W13:Y13) -> 526 | AA13: =IF(Z13<30,"부족","정상") -> 정상
A14: =IFERROR(__xludf.DUMMYFUNCTION("""COMPUTED_VALUE"""),"(김춘근김희준) syntax 2") -> (김춘근김희준) syntax 2 | B14: =IFERROR(SUMIFS('교재재고'!C:C,'교재재고'!B:B,$A14),0) -> 526 | C14: =IFERROR(SUMIFS('교재재고'!D:D,'교재재고'!B:B,$A14),0) -> 0 | D14: =IFERROR(SUMIFS('교재재고'!E:E,'교재재고'!B:B,$A14),0) -> 0 | E14: =IFERROR(SUMIFS('교재재고'!F:F,'교재재고'!B:B,$A14),0) +IFERROR(SUMIFS('교재재고'!I:I,'교재재고'!B:B,$A14),0) +IFERROR(SUMIFS('교재재고'!L:L,'교재재고'!B:B,$A14),0) +IFERROR(SUMIFS('교재재고'!O:O,'교재재고'!B:B,$A14),0) +IFERROR(SUMIFS('교재재고'!R:R,'교재재고'!B:B,$A14),0) -> 0 | F14: =IFERROR(SUMIFS('교재재고'!G:G,'교재재고'!B:B,$A14),0) +IFERROR(SUMIFS('교재재고'!J:J,'교재재고'!B:B,$A14),0) +IFERROR(SUMIFS('교재재고'!M:M,'교재재고'!B:B,$A14),0) +IFERROR(SUMIFS('교재재고'!P:P,'교재재고'!B:B,$A14),0) +IFERROR(SUMIFS('교재재고'!S:S,'교재재고'!B:B,$A14),0) -> 0 | G14: =IFERROR(SUMIFS('교재재고'!H:H,'교재재고'!B:B,$A14),0) +IFERROR(SUMIFS('교재재고'!K:K,'교재재고'!B:B,$A14),0) +IFERROR(SUMIFS('교재재고'!N:N,'교재재고'!B:B,$A14),0) +IFERROR(SUMIFS('교재재고'!Q:Q,'교재재고'!B:B,$A14),0) +IFERROR(SUMIFS('교재재고'!T:T,'교재재고'!B:B,$A14),0) -> 0 | H14: =SUM(B14:G14) -> 526 | I14: =IFERROR(SUMIFS('배부로그'!G:G,'배부로그'!D:D,$A14,'배부로그'!F:F,"창고"),0) -> 0 | J14: =IFERROR(SUMIFS('배부로그'!G:G,'배부로그'!D:D,$A14,'배부로그'!F:F,"4층지원실"),0) -> 0 | K14: =IFERROR(SUMIFS('배부로그'!G:G,'배부로그'!D:D,$A14,'배부로그'!F:F,"8층지원실"),0) -> 0 | L14: =SUM(I14:K14) -> 0 | M14: =IFERROR(SUMIFS('회수로그'!H:H,'회수로그'!E:E,$A14,'회수로그'!G:G,"창고"),0) -> 0 | N14: =IFERROR(SUMIFS('회수로그'!H:H,'회수로그'!E:E,$A14,'회수로그'!G:G,"4층지원실"),0) -> 0 | O14: =IFERROR(SUMIFS('회수로그'!H:H,'회수로그'!E:E,$A14,'회수로그'!G:G,"8층지원실"),0) -> 0 | P14: =SUM(M14:O14) -> 0 | Q14: =IFERROR(SUMIFS('재고이동로그'!F:F,'재고이동로그'!C:C,$A14,'재고이동로그'!D:D,"창고"),0) -> 0 | R14: =IFERROR(SUMIFS('재고이동로그'!F:F,'재고이동로그'!C:C,$A14,'재고이동로그'!E:E,"4층지원실"),0) -> 0 | S14: =IFERROR(SUMIFS('재고이동로그'!F:F,'재고이동로그'!C:C,$A14,'재고이동로그'!E:E,"8층지원실"),0) -> 0 | T14: =IFERROR(SUMIFS('재고이동로그'!F:F,'재고이동로그'!C:C,$A14,'재고이동로그'!E:E,"창고"),0) -> 0 | U14: =IFERROR(SUMIFS('재고이동로그'!F:F,'재고이동로그'!C:C,$A14,'재고이동로그'!E:E,"4층지원실"),0) -> 0 | V14: =IFERROR(SUMIFS('재고이동로그'!F:F,'재고이동로그'!C:C,$A14,'재고이동로그'!E:E,"8층지원실"),0) -> 0 | W14: =B14+E14-I14+M14-Q14+T14 -> 526 | X14: =C14+F14-J14+N14-R14+U14 -> 0 | Y14: =D14+G14-K14+O14-S14+V14 -> 0 | Z14: =SUM(W14:Y14) -> 526 | AA14: =IF(Z14<30,"부족","정상") -> 정상
A15: =IFERROR(__xludf.DUMMYFUNCTION("""COMPUTED_VALUE"""),"(김학림전종현) 쎄타_미적E수업") -> (김학림전종현) 쎄타_미적E수업 | B15: =IFERROR(SUMIFS('교재재고'!C:C,'교재재고'!B:B,$A15),0) -> 7 | C15: =IFERROR(SUMIFS('교재재고'!D:D,'교재재고'!B:B,$A15),0) -> 0 | D15: =IFERROR(SUMIFS('교재재고'!E:E,'교재재고'!B:B,$A15),0) -> 0 | E15: =IFERROR(SUMIFS('교재재고'!F:F,'교재재고'!B:B,$A15),0) +IFERROR(SUMIFS('교재재고'!I:I,'교재재고'!B:B,$A15),0) +IFERROR(SUMIFS('교재재고'!L:L,'교재재고'!B:B,$A15),0) +IFERROR(SUMIFS('교재재고'!O:O,'교재재고'!B:B,$A15),0) +IFERROR(SUMIFS('교재재고'!R:R,'교재재고'!B:B,$A15),0) -> 0 | F15: =IFERROR(SUMIFS('교재재고'!G:G,'교재재고'!B:B,$A15),0) +IFERROR(SUMIFS('교재재고'!J:J,'교재재고'!B:B,$A15),0) +IFERROR(SUMIFS('교재재고'!M:M,'교재재고'!B:B,$A15),0) +IFERROR(SUMIFS('교재재고'!P:P,'교재재고'!B:B,$A15),0) +IFERROR(SUMIFS('교재재고'!S:S,'교재재고'!B:B,$A15),0) -> 0 | G15: =IFERROR(SUMIFS('교재재고'!H:H,'교재재고'!B:B,$A15),0) +IFERROR(SUMIFS('교재재고'!K:K,'교재재고'!B:B,$A15),0) +IFERROR(SUMIFS('교재재고'!N:N,'교재재고'!B:B,$A15),0) +IFERROR(SUMIFS('교재재고'!Q:Q,'교재재고'!B:B,$A15),0) +IFERROR(SUMIFS('교재재고'!T:T,'교재재고'!B:B,$A15),0) -> 0 | H15: =SUM(B15:G15) -> 7 | I15: =IFERROR(SUMIFS('배부로그'!G:G,'배부로그'!D:D,$A15,'배부로그'!F:F,"창고"),0) -> 5 | J15: =IFERROR(SUMIFS('배부로그'!G:G,'배부로그'!D:D,$A15,'배부로그'!F:F,"4층지원실"),0) -> 0 | K15: =IFERROR(SUMIFS('배부로그'!G:G,'배부로그'!D:D,$A15,'배부로그'!F:F,"8층지원실"),0) -> 0 | L15: =SUM(I15:K15) -> 5 | M15: =IFERROR(SUMIFS('회수로그'!H:H,'회수로그'!E:E,$A15,'회수로그'!G:G,"창고"),0) -> 0 | N15: =IFERROR(SUMIFS('회수로그'!H:H,'회수로그'!E:E,$A15,'회수로그'!G:G,"4층지원실"),0) -> 0 | O15: =IFERROR(SUMIFS('회수로그'!H:H,'회수로그'!E:E,$A15,'회수로그'!G:G,"8층지원실"),0) -> 0 | P15: =SUM(M15:O15) -> 0 | Q15: =IFERROR(SUMIFS('재고이동로그'!F:F,'재고이동로그'!C:C,$A15,'재고이동로그'!D:D,"창고"),0) -> 0 | R15: =IFERROR(SUMIFS('재고이동로그'!F:F,'재고이동로그'!C:C,$A15,'재고이동로그'!E:E,"4층지원실"),0) -> 0 | S15: =IFERROR(SUMIFS('재고이동로그'!F:F,'재고이동로그'!C:C,$A15,'재고이동로그'!E:E,"8층지원실"),0) -> 0 | T15: =IFERROR(SUMIFS('재고이동로그'!F:F,'재고이동로그'!C:C,$A15,'재고이동로그'!E:E,"창고"),0) -> 0 | U15: =IFERROR(SUMIFS('재고이동로그'!F:F,'재고이동로그'!C:C,$A15,'재고이동로그'!E:E,"4층지원실"),0) -> 0 | V15: =IFERROR(SUMIFS('재고이동로그'!F:F,'재고이동로그'!C:C,$A15,'재고이동로그'!E:E,"8층지원실"),0) -> 0 | W15: =B15+E15-I15+M15-Q15+T15 -> 2 | X15: =C15+F15-J15+N15-R15+U15 -> 0 | Y15: =D15+G15-K15+O15-S15+V15 -> 0 | Z15: =SUM(W15:Y15) -> 2 | AA15: =IF(Z15<30,"부족","정상") -> 부족
A16: =IFERROR(__xludf.DUMMYFUNCTION("""COMPUTED_VALUE"""),"(김학림전종현) 쎄타_미적E피드백") -> (김학림전종현) 쎄타_미적E피드백 | B16: =IFERROR(SUMIFS('교재재고'!C:C,'교재재고'!B:B,$A16),0) -> 8 | C16: =IFERROR(SUMIFS('교재재고'!D:D,'교재재고'!B:B,$A16),0) -> 0 | D16: =IFERROR(SUMIFS('교재재고'!E:E,'교재재고'!B:B,$A16),0) -> 0 | E16: =IFERROR(SUMIFS('교재재고'!F:F,'교재재고'!B:B,$A16),0) +IFERROR(SUMIFS('교재재고'!I:I,'교재재고'!B:B,$A16),0) +IFERROR(SUMIFS('교재재고'!L:L,'교재재고'!B:B,$A16),0) +IFERROR(SUMIFS('교재재고'!O:O,'교재재고'!B:B,$A16),0) +IFERROR(SUMIFS('교재재고'!R:R,'교재재고'!B:B,$A16),0) -> 0 | F16: =IFERROR(SUMIFS('교재재고'!G:G,'교재재고'!B:B,$A16),0) +IFERROR(SUMIFS('교재재고'!J:J,'교재재고'!B:B,$A16),0) +IFERROR(SUMIFS('교재재고'!M:M,'교재재고'!B:B,$A16),0) +IFERROR(SUMIFS('교재재고'!P:P,'교재재고'!B:B,$A16),0) +IFERROR(SUMIFS('교재재고'!S:S,'교재재고'!B:B,$A16),0) -> 0 | G16: =IFERROR(SUMIFS('교재재고'!H:H,'교재재고'!B:B,$A16),0) +IFERROR(SUMIFS('교재재고'!K:K,'교재재고'!B:B,$A16),0) +IFERROR(SUMIFS('교재재고'!N:N,'교재재고'!B:B,$A16),0) +IFERROR(SUMIFS('교재재고'!Q:Q,'교재재고'!B:B,$A16),0) +IFERROR(SUMIFS('교재재고'!T:T,'교재재고'!B:B,$A16),0) -> 0 | H16: =SUM(B16:G16) -> 8 | I16: =IFERROR(SUMIFS('배부로그'!G:G,'배부로그'!D:D,$A16,'배부로그'!F:F,"창고"),0) -> 4 | J16: =IFERROR(SUMIFS('배부로그'!G:G,'배부로그'!D:D,$A16,'배부로그'!F:F,"4층지원실"),0) -> 0 | K16: =IFERROR(SUMIFS('배부로그'!G:G,'배부로그'!D:D,$A16,'배부로그'!F:F,"8층지원실"),0) -> 0 | L16: =SUM(I16:K16) -> 4 | M16: =IFERROR(SUMIFS('회수로그'!H:H,'회수로그'!E:E,$A16,'회수로그'!G:G,"창고"),0) -> 0 | N16: =IFERROR(SUMIFS('회수로그'!H:H,'회수로그'!E:E,$A16,'회수로그'!G:G,"4층지원실"),0) -> 0 | O16: =IFERROR(SUMIFS('회수로그'!H:H,'회수로그'!E:E,$A16,'회수로그'!G:G,"8층지원실"),0) -> 0 | P16: =SUM(M16:O16) -> 0 | Q16: =IFERROR(SUMIFS('재고이동로그'!F:F,'재고이동로그'!C:C,$A16,'재고이동로그'!D:D,"창고"),0) -> 0 | R16: =IFERROR(SUMIFS('재고이동로그'!F:F,'재고이동로그'!C:C,$A16,'재고이동로그'!E:E,"4층지원실"),0) -> 0 | S16: =IFERROR(SUMIFS('재고이동로그'!F:F,'재고이동로그'!C:C,$A16,'재고이동로그'!E:E,"8층지원실"),0) -> 0 | T16: =IFERROR(SUMIFS('재고이동로그'!F:F,'재고이동로그'!C:C,$A16,'재고이동로그'!E:E,"창고"),0) -> 0 | U16: =IFERROR(SUMIFS('재고이동로그'!F:F,'재고이동로그'!C:C,$A16,'재고이동로그'!E:E,"4층지원실"),0) -> 0 | V16: =IFERROR(SUMIFS('재고이동로그'!F:F,'재고이동로그'!C:C,$A16,'재고이동로그'!E:E,"8층지원실"),0) -> 0 | W16: =B16+E16-I16+M16-Q16+T16 -> 4 | X16: =C16+F16-J16+N16-R16+U16 -> 0 | Y16: =D16+G16-K16+O16-S16+V16 -> 0 | Z16: =SUM(W16:Y16) -> 4 | AA16: =IF(Z16<30,"부족","정상") -> 부족
A17: =IFERROR(__xludf.DUMMYFUNCTION("""COMPUTED_VALUE"""),"(김학림전종현) 쎄타_수2E수업") -> (김학림전종현) 쎄타_수2E수업 | B17: =IFERROR(SUMIFS('교재재고'!C:C,'교재재고'!B:B,$A17),0) -> 9 | C17: =IFERROR(SUMIFS('교재재고'!D:D,'교재재고'!B:B,$A17),0) -> 0 | D17: =IFERROR(SUMIFS('교재재고'!E:E,'교재재고'!B:B,$A17),0) -> 0 | E17: =IFERROR(SUMIFS('교재재고'!F:F,'교재재고'!B:B,$A17),0) +IFERROR(SUMIFS('교재재고'!I:I,'교재재고'!B:B,$A17),0) +IFERROR(SUMIFS('교재재고'!L:L,'교재재고'!B:B,$A17),0) +IFERROR(SUMIFS('교재재고'!O:O,'교재재고'!B:B,$A17),0) +IFERROR(SUMIFS('교재재고'!R:R,'교재재고'!B:B,$A17),0) -> 0 | F17: =IFERROR(SUMIFS('교재재고'!G:G,'교재재고'!B:B,$A17),0) +IFERROR(SUMIFS('교재재고'!J:J,'교재재고'!B:B,$A17),0) +IFERROR(SUMIFS('교재재고'!M:M,'교재재고'!B:B,$A17),0) +IFERROR(SUMIFS('교재재고'!P:P,'교재재고'!B:B,$A17),0) +IFERROR(SUMIFS('교재재고'!S:S,'교재재고'!B:B,$A17),0) -> 0 | G17: =IFERROR(SUMIFS('교재재고'!H:H,'교재재고'!B:B,$A17),0) +IFERROR(SUMIFS('교재재고'!K:K,'교재재고'!B:B,$A17),0) +IFERROR(SUMIFS('교재재고'!N:N,'교재재고'!B:B,$A17),0) +IFERROR(SUMIFS('교재재고'!Q:Q,'교재재고'!B:B,$A17),0) +IFERROR(SUMIFS('교재재고'!T:T,'교재재고'!B:B,$A17),0) -> 0 | H17: =SUM(B17:G17) -> 9 | I17: =IFERROR(SUMIFS('배부로그'!G:G,'배부로그'!D:D,$A17,'배부로그'!F:F,"창고"),0) -> 4 | J17: =IFERROR(SUMIFS('배부로그'!G:G,'배부로그'!D:D,$A17,'배부로그'!F:F,"4층지원실"),0) -> 0 | K17: =IFERROR(SUMIFS('배부로그'!G:G,'배부로그'!D:D,$A17,'배부로그'!F:F,"8층지원실"),0) -> 0 | L17: =SUM(I17:K17) -> 4 | M17: =IFERROR(SUMIFS('회수로그'!H:H,'회수로그'!E:E,$A17,'회수로그'!G:G,"창고"),0) -> 0 | N17: =IFERROR(SUMIFS('회수로그'!H:H,'회수로그'!E:E,$A17,'회수로그'!G:G,"4층지원실"),0) -> 0 | O17: =IFERROR(SUMIFS('회수로그'!H:H,'회수로그'!E:E,$A17,'회수로그'!G:G,"8층지원실"),0) -> 0 | P17: =SUM(M17:O17) -> 0 | Q17: =IFERROR(SUMIFS('재고이동로그'!F:F,'재고이동로그'!C:C,$A17,'재고이동로그'!D:D,"창고"),0) -> 0 | R17: =IFERROR(SUMIFS('재고이동로그'!F:F,'재고이동로그'!C:C,$A17,'재고이동로그'!E:E,"4층지원실"),0) -> 0 | S17: =IFERROR(SUMIFS('재고이동로그'!F:F,'재고이동로그'!C:C,$A17,'재고이동로그'!E:E,"8층지원실"),0) -> 0 | T17: =IFERROR(SUMIFS('재고이동로그'!F:F,'재고이동로그'!C:C,$A17,'재고이동로그'!E:E,"창고"),0) -> 0 | U17: =IFERROR(SUMIFS('재고이동로그'!F:F,'재고이동로그'!C:C,$A17,'재고이동로그'!E:E,"4층지원실"),0) -> 0 | V17: =IFERROR(SUMIFS('재고이동로그'!F:F,'재고이동로그'!C:C,$A17,'재고이동로그'!E:E,"8층지원실"),0) -> 0 | W17: =B17+E17-I17+M17-Q17+T17 -> 5 | X17: =C17+F17-J17+N17-R17+U17 -> 0 | Y17: =D17+G17-K17+O17-S17+V17 -> 0 | Z17: =SUM(W17:Y17) -> 5 | AA17: =IF(Z17<30,"부족","정상") -> 부족
A18: =IFERROR(__xludf.DUMMYFUNCTION("""COMPUTED_VALUE"""),"(김학림전종현) 쎄타_수2E피드백") -> (김학림전종현) 쎄타_수2E피드백 | B18: =IFERROR(SUMIFS('교재재고'!C:C,'교재재고'!B:B,$A18),0) -> 9 | C18: =IFERROR(SUMIFS('교재재고'!D:D,'교재재고'!B:B,$A18),0) -> 0 | D18: =IFERROR(SUMIFS('교재재고'!E:E,'교재재고'!B:B,$A18),0) -> 0 | E18: =IFERROR(SUMIFS('교재재고'!F:F,'교재재고'!B:B,$A18),0) +IFERROR(SUMIFS('교재재고'!I:I,'교재재고'!B:B,$A18),0) +IFERROR(SUMIFS('교재재고'!L:L,'교재재고'!B:B,$A18),0) +IFERROR(SUMIFS('교재재고'!O:O,'교재재고'!B:B,$A18),0) +IFERROR(SUMIFS('교재재고'!R:R,'교재재고'!B:B,$A18),0) -> 0 | F18: =IFERROR(SUMIFS('교재재고'!G:G,'교재재고'!B:B,$A18),0) +IFERROR(SUMIFS('교재재고'!J:J,'교재재고'!B:B,$A18),0) +IFERROR(SUMIFS('교재재고'!M:M,'교재재고'!B:B,$A18),0) +IFERROR(SUMIFS('교재재고'!P:P,'교재재고'!B:B,$A18),0) +IFERROR(SUMIFS('교재재고'!S:S,'교재재고'!B:B,$A18),0) -> 0 | G18: =IFERROR(SUMIFS('교재재고'!H:H,'교재재고'!B:B,$A18),0) +IFERROR(SUMIFS('교재재고'!K:K,'교재재고'!B:B,$A18),0) +IFERROR(SUMIFS('교재재고'!N:N,'교재재고'!B:B,$A18),0) +IFERROR(SUMIFS('교재재고'!Q:Q,'교재재고'!B:B,$A18),0) +IFERROR(SUMIFS('교재재고'!T:T,'교재재고'!B:B,$A18),0) -> 0 | H18: =SUM(B18:G18) -> 9 | I18: =IFERROR(SUMIFS('배부로그'!G:G,'배부로그'!D:D,$A18,'배부로그'!F:F,"창고"),0) -> 4 | J18: =IFERROR(SUMIFS('배부로그'!G:G,'배부로그'!D:D,$A18,'배부로그'!F:F,"4층지원실"),0) -> 0 | K18: =IFERROR(SUMIFS('배부로그'!G:G,'배부로그'!D:D,$A18,'배부로그'!F:F,"8층지원실"),0) -> 0 | L18: =SUM(I18:K18) -> 4 | M18: =IFERROR(SUMIFS('회수로그'!H:H,'회수로그'!E:E,$A18,'회수로그'!G:G,"창고"),0) -> 0 | N18: =IFERROR(SUMIFS('회수로그'!H:H,'회수로그'!E:E,$A18,'회수로그'!G:G,"4층지원실"),0) -> 0 | O18: =IFERROR(SUMIFS('회수로그'!H:H,'회수로그'!E:E,$A18,'회수로그'!G:G,"8층지원실"),0) -> 0 | P18: =SUM(M18:O18) -> 0 | Q18: =IFERROR(SUMIFS('재고이동로그'!F:F,'재고이동로그'!C:C,$A18,'재고이동로그'!D:D,"창고"),0) -> 0 | R18: =IFERROR(SUMIFS('재고이동로그'!F:F,'재고이동로그'!C:C,$A18,'재고이동로그'!E:E,"4층지원실"),0) -> 0 | S18: =IFERROR(SUMIFS('재고이동로그'!F:F,'재고이동로그'!C:C,$A18,'재고이동로그'!E:E,"8층지원실"),0) -> 0 | T18: =IFERROR(SUMIFS('재고이동로그'!F:F,'재고이동로그'!C:C,$A18,'재고이동로그'!E:E,"창고"),0) -> 0 | U18: =IFERROR(SUMIFS('재고이동로그'!F:F,'재고이동로그'!C:C,$A18,'재고이동로그'!E:E,"4층지원실"),0) -> 0 | V18: =IFERROR(SUMIFS('재고이동로그'!F:F,'재고이동로그'!C:C,$A18,'재고이동로그'!E:E,"8층지원실"),0) -> 0 | W18: =B18+E18-I18+M18-Q18+T18 -> 5 | X18: =C18+F18-J18+N18-R18+U18 -> 0 | Y18: =D18+G18-K18+O18-S18+V18 -> 0 | Z18: =SUM(W18:Y18) -> 5 | AA18: =IF(Z18<30,"부족","정상") -> 부족
A19: =IFERROR(__xludf.DUMMYFUNCTION("""COMPUTED_VALUE"""),"(김학림전종현) 쎄타_수2M수업") -> (김학림전종현) 쎄타_수2M수업 | B19: =IFERROR(SUMIFS('교재재고'!C:C,'교재재고'!B:B,$A19),0) -> 11 | C19: =IFERROR(SUMIFS('교재재고'!D:D,'교재재고'!B:B,$A19),0) -> 0 | D19: =IFERROR(SUMIFS('교재재고'!E:E,'교재재고'!B:B,$A19),0) -> 0 | E19: =IFERROR(SUMIFS('교재재고'!F:F,'교재재고'!B:B,$A19),0) +IFERROR(SUMIFS('교재재고'!I:I,'교재재고'!B:B,$A19),0) +IFERROR(SUMIFS('교재재고'!L:L,'교재재고'!B:B,$A19),0) +IFERROR(SUMIFS('교재재고'!O:O,'교재재고'!B:B,$A19),0) +IFERROR(SUMIFS('교재재고'!R:R,'교재재고'!B:B,$A19),0) -> 8 | F19: =IFERROR(SUMIFS('교재재고'!G:G,'교재재고'!B:B,$A19),0) +IFERROR(SUMIFS('교재재고'!J:J,'교재재고'!B:B,$A19),0) +IFERROR(SUMIFS('교재재고'!M:M,'교재재고'!B:B,$A19),0) +IFERROR(SUMIFS('교재재고'!P:P,'교재재고'!B:B,$A19),0) +IFERROR(SUMIFS('교재재고'!S:S,'교재재고'!B:B,$A19),0) -> 0 | G19: =IFERROR(SUMIFS('교재재고'!H:H,'교재재고'!B:B,$A19),0) +IFERROR(SUMIFS('교재재고'!K:K,'교재재고'!B:B,$A19),0) +IFERROR(SUMIFS('교재재고'!N:N,'교재재고'!B:B,$A19),0) +IFERROR(SUMIFS('교재재고'!Q:Q,'교재재고'!B:B,$A19),0) +IFERROR(SUMIFS('교재재고'!T:T,'교재재고'!B:B,$A19),0) -> 0 | H19: =SUM(B19:G19) -> 19 | I19: =IFERROR(SUMIFS('배부로그'!G:G,'배부로그'!D:D,$A19,'배부로그'!F:F,"창고"),0) -> 8 | J19: =IFERROR(SUMIFS('배부로그'!G:G,'배부로그'!D:D,$A19,'배부로그'!F:F,"4층지원실"),0) -> 0 | K19: =IFERROR(SUMIFS('배부로그'!G:G,'배부로그'!D:D,$A19,'배부로그'!F:F,"8층지원실"),0) -> 0 | L19: =SUM(I19:K19) -> 8 | M19: =IFERROR(SUMIFS('회수로그'!H:H,'회수로그'!E:E,$A19,'회수로그'!G:G,"창고"),0) -> 0 | N19: =IFERROR(SUMIFS('회수로그'!H:H,'회수로그'!E:E,$A19,'회수로그'!G:G,"4층지원실"),0) -> 0 | O19: =IFERROR(SUMIFS('회수로그'!H:H,'회수로그'!E:E,$A19,'회수로그'!G:G,"8층지원실"),0) -> 0 | P19: =SUM(M19:O19) -> 0 | Q19: =IFERROR(SUMIFS('재고이동로그'!F:F,'재고이동로그'!C:C,$A19,'재고이동로그'!D:D,"창고"),0) -> 0 | R19: =IFERROR(SUMIFS('재고이동로그'!F:F,'재고이동로그'!C:C,$A19,'재고이동로그'!E:E,"4층지원실"),0) -> 0 | S19: =IFERROR(SUMIFS('재고이동로그'!F:F,'재고이동로그'!C:C,$A19,'재고이동로그'!E:E,"8층지원실"),0) -> 0 | T19: =IFERROR(SUMIFS('재고이동로그'!F:F,'재고이동로그'!C:C,$A19,'재고이동로그'!E:E,"창고"),0) -> 0 | U19: =IFERROR(SUMIFS('재고이동로그'!F:F,'재고이동로그'!C:C,$A19,'재고이동로그'!E:E,"4층지원실"),0) -> 0 | V19: =IFERROR(SUMIFS('재고이동로그'!F:F,'재고이동로그'!C:C,$A19,'재고이동로그'!E:E,"8층지원실"),0) -> 0 | W19: =B19+E19-I19+M19-Q19+T19 -> 11 | X19: =C19+F19-J19+N19-R19+U19 -> 0 | Y19: =D19+G19-K19+O19-S19+V19 -> 0 | Z19: =SUM(W19:Y19) -> 11 | AA19: =IF(Z19<30,"부족","정상") -> 부족
A20: =IFERROR(__xludf.DUMMYFUNCTION("""COMPUTED_VALUE"""),"(김학림전종현) 쎄타_수2M피드백") -> (김학림전종현) 쎄타_수2M피드백 | B20: =IFERROR(SUMIFS('교재재고'!C:C,'교재재고'!B:B,$A20),0) -> 9 | C20: =IFERROR(SUMIFS('교재재고'!D:D,'교재재고'!B:B,$A20),0) -> 0 | D20: =IFERROR(SUMIFS('교재재고'!E:E,'교재재고'!B:B,$A20),0) -> 0 | E20: =IFERROR(SUMIFS('교재재고'!F:F,'교재재고'!B:B,$A20),0) +IFERROR(SUMIFS('교재재고'!I:I,'교재재고'!B:B,$A20),0) +IFERROR(SUMIFS('교재재고'!L:L,'교재재고'!B:B,$A20),0) +IFERROR(SUMIFS('교재재고'!O:O,'교재재고'!B:B,$A20),0) +IFERROR(SUMIFS('교재재고'!R:R,'교재재고'!B:B,$A20),0) -> 10 | F20: =IFERROR(SUMIFS('교재재고'!G:G,'교재재고'!B:B,$A20),0) +IFERROR(SUMIFS('교재재고'!J:J,'교재재고'!B:B,$A20),0) +IFERROR(SUMIFS('교재재고'!M:M,'교재재고'!B:B,$A20),0) +IFERROR(SUMIFS('교재재고'!P:P,'교재재고'!B:B,$A20),0) +IFERROR(SUMIFS('교재재고'!S:S,'교재재고'!B:B,$A20),0) -> 0 | G20: =IFERROR(SUMIFS('교재재고'!H:H,'교재재고'!B:B,$A20),0) +IFERROR(SUMIFS('교재재고'!K:K,'교재재고'!B:B,$A20),0) +IFERROR(SUMIFS('교재재고'!N:N,'교재재고'!B:B,$A20),0) +IFERROR(SUMIFS('교재재고'!Q:Q,'교재재고'!B:B,$A20),0) +IFERROR(SUMIFS('교재재고'!T:T,'교재재고'!B:B,$A20),0) -> 0 | H20: =SUM(B20:G20) -> 19 | I20: =IFERROR(SUMIFS('배부로그'!G:G,'배부로그'!D:D,$A20,'배부로그'!F:F,"창고"),0) -> 8 | J20: =IFERROR(SUMIFS('배부로그'!G:G,'배부로그'!D:D,$A20,'배부로그'!F:F,"4층지원실"),0) -> 0 | K20: =IFERROR(SUMIFS('배부로그'!G:G,'배부로그'!D:D,$A20,'배부로그'!F:F,"8층지원실"),0) -> 0 | L20: =SUM(I20:K20) -> 8 | M20: =IFERROR(SUMIFS('회수로그'!H:H,'회수로그'!E:E,$A20,'회수로그'!G:G,"창고"),0) -> 0 | N20: =IFERROR(SUMIFS('회수로그'!H:H,'회수로그'!E:E,$A20,'회수로그'!G:G,"4층지원실"),0) -> 0 | O20: =IFERROR(SUMIFS('회수로그'!H:H,'회수로그'!E:E,$A20,'회수로그'!G:G,"8층지원실"),0) -> 0 | P20: =SUM(M20:O20) -> 0 | Q20: =IFERROR(SUMIFS('재고이동로그'!F:F,'재고이동로그'!C:C,$A20,'재고이동로그'!D:D,"창고"),0) -> 0 | R20: =IFERROR(SUMIFS('재고이동로그'!F:F,'재고이동로그'!C:C,$A20,'재고이동로그'!E:E,"4층지원실"),0) -> 0 | S20: =IFERROR(SUMIFS('재고이동로그'!F:F,'재고이동로그'!C:C,$A20,'재고이동로그'!E:E,"8층지원실"),0) -> 0 | T20: =IFERROR(SUMIFS('재고이동로그'!F:F,'재고이동로그'!C:C,$A20,'재고이동로그'!E:E,"창고"),0) -> 0 | U20: =IFERROR(SUMIFS('재고이동로그'!F:F,'재고이동로그'!C:C,$A20,'재고이동로그'!E:E,"4층지원실"),0) -> 0 | V20: =IFERROR(SUMIFS('재고이동로그'!F:F,'재고이동로그'!C:C,$A20,'재고이동로그'!E:E,"8층지원실"),0) -> 0 | W20: =B20+E20-I20+M20-Q20+T20 -> 11 | X20: =C20+F20-J20+N20-R20+U20 -> 0 | Y20: =D20+G20-K20+O20-S20+V20 -> 0 | Z20: =SUM(W20:Y20) -> 11 | AA20: =IF(Z20<30,"부족","정상") -> 부족
A21: =IFERROR(__xludf.DUMMYFUNCTION("""COMPUTED_VALUE"""),"(김학림전종현) 쎄타_확통M수업") -> (김학림전종현) 쎄타_확통M수업 | B21: =IFERROR(SUMIFS('교재재고'!C:C,'교재재고'!B:B,$A21),0) -> 10 | C21: =IFERROR(SUMIFS('교재재고'!D:D,'교재재고'!B:B,$A21),0) -> 0 | D21: =IFERROR(SUMIFS('교재재고'!E:E,'교재재고'!B:B,$A21),0) -> 0 | E21: =IFERROR(SUMIFS('교재재고'!F:F,'교재재고'!B:B,$A21),0) +IFERROR(SUMIFS('교재재고'!I:I,'교재재고'!B:B,$A21),0) +IFERROR(SUMIFS('교재재고'!L:L,'교재재고'!B:B,$A21),0) +IFERROR(SUMIFS('교재재고'!O:O,'교재재고'!B:B,$A21),0) +IFERROR(SUMIFS('교재재고'!R:R,'교재재고'!B:B,$A21),0) -> 8 | F21: =IFERROR(SUMIFS('교재재고'!G:G,'교재재고'!B:B,$A21),0) +IFERROR(SUMIFS('교재재고'!J:J,'교재재고'!B:B,$A21),0) +IFERROR(SUMIFS('교재재고'!M:M,'교재재고'!B:B,$A21),0) +IFERROR(SUMIFS('교재재고'!P:P,'교재재고'!B:B,$A21),0) +IFERROR(SUMIFS('교재재고'!S:S,'교재재고'!B:B,$A21),0) -> 0 | G21: =IFERROR(SUMIFS('교재재고'!H:H,'교재재고'!B:B,$A21),0) +IFERROR(SUMIFS('교재재고'!K:K,'교재재고'!B:B,$A21),0) +IFERROR(SUMIFS('교재재고'!N:N,'교재재고'!B:B,$A21),0) +IFERROR(SUMIFS('교재재고'!Q:Q,'교재재고'!B:B,$A21),0) +IFERROR(SUMIFS('교재재고'!T:T,'교재재고'!B:B,$A21),0) -> 0 | H21: =SUM(B21:G21) -> 18 | I21: =IFERROR(SUMIFS('배부로그'!G:G,'배부로그'!D:D,$A21,'배부로그'!F:F,"창고"),0) -> 8 | J21: =IFERROR(SUMIFS('배부로그'!G:G,'배부로그'!D:D,$A21,'배부로그'!F:F,"4층지원실"),0) -> 0 | K21: =IFERROR(SUMIFS('배부로그'!G:G,'배부로그'!D:D,$A21,'배부로그'!F:F,"8층지원실"),0) -> 0 | L21: =SUM(I21:K21) -> 8 | M21: =IFERROR(SUMIFS('회수로그'!H:H,'회수로그'!E:E,$A21,'회수로그'!G:G,"창고"),0) -> 0 | N21: =IFERROR(SUMIFS('회수로그'!H:H,'회수로그'!E:E,$A21,'회수로그'!G:G,"4층지원실"),0) -> 0 | O21: =IFERROR(SUMIFS('회수로그'!H:H,'회수로그'!E:E,$A21,'회수로그'!G:G,"8층지원실"),0) -> 0 | P21: =SUM(M21:O21) -> 0 | Q21: =IFERROR(SUMIFS('재고이동로그'!F:F,'재고이동로그'!C:C,$A21,'재고이동로그'!D:D,"창고"),0) -> 0 | R21: =IFERROR(SUMIFS('재고이동로그'!F:F,'재고이동로그'!C:C,$A21,'재고이동로그'!E:E,"4층지원실"),0) -> 0 | S21: =IFERROR(SUMIFS('재고이동로그'!F:F,'재고이동로그'!C:C,$A21,'재고이동로그'!E:E,"8층지원실"),0) -> 0 | T21: =IFERROR(SUMIFS('재고이동로그'!F:F,'재고이동로그'!C:C,$A21,'재고이동로그'!E:E,"창고"),0) -> 0 | U21: =IFERROR(SUMIFS('재고이동로그'!F:F,'재고이동로그'!C:C,$A21,'재고이동로그'!E:E,"4층지원실"),0) -> 0 | V21: =IFERROR(SUMIFS('재고이동로그'!F:F,'재고이동로그'!C:C,$A21,'재고이동로그'!E:E,"8층지원실"),0) -> 0 | W21: =B21+E21-I21+M21-Q21+T21 -> 10 | X21: =C21+F21-J21+N21-R21+U21 -> 0 | Y21: =D21+G21-K21+O21-S21+V21 -> 0 | Z21: =SUM(W21:Y21) -> 10 | AA21: =IF(Z21<30,"부족","정상") -> 부족
A22: =IFERROR(__xludf.DUMMYFUNCTION("""COMPUTED_VALUE"""),"(김학림전종현) 쎄타_확통M피드백") -> (김학림전종현) 쎄타_확통M피드백 | B22: =IFERROR(SUMIFS('교재재고'!C:C,'교재재고'!B:B,$A22),0) -> 9 | C22: =IFERROR(SUMIFS('교재재고'!D:D,'교재재고'!B:B,$A22),0) -> 0 | D22: =IFERROR(SUMIFS('교재재고'!E:E,'교재재고'!B:B,$A22),0) -> 0 | E22: =IFERROR(SUMIFS('교재재고'!F:F,'교재재고'!B:B,$A22),0) +IFERROR(SUMIFS('교재재고'!I:I,'교재재고'!B:B,$A22),0) +IFERROR(SUMIFS('교재재고'!L:L,'교재재고'!B:B,$A22),0) +IFERROR(SUMIFS('교재재고'!O:O,'교재재고'!B:B,$A22),0) +IFERROR(SUMIFS('교재재고'!R:R,'교재재고'!B:B,$A22),0) -> 10 | F22: =IFERROR(SUMIFS('교재재고'!G:G,'교재재고'!B:B,$A22),0) +IFERROR(SUMIFS('교재재고'!J:J,'교재재고'!B:B,$A22),0) +IFERROR(SUMIFS('교재재고'!M:M,'교재재고'!B:B,$A22),0) +IFERROR(SUMIFS('교재재고'!P:P,'교재재고'!B:B,$A22),0) +IFERROR(SUMIFS('교재재고'!S:S,'교재재고'!B:B,$A22),0) -> 0 | G22: =IFERROR(SUMIFS('교재재고'!H:H,'교재재고'!B:B,$A22),0) +IFERROR(SUMIFS('교재재고'!K:K,'교재재고'!B:B,$A22),0) +IFERROR(SUMIFS('교재재고'!N:N,'교재재고'!B:B,$A22),0) +IFERROR(SUMIFS('교재재고'!Q:Q,'교재재고'!B:B,$A22),0) +IFERROR(SUMIFS('교재재고'!T:T,'교재재고'!B:B,$A22),0) -> 0 | H22: =SUM(B22:G22) -> 19 | I22: =IFERROR(SUMIFS('배부로그'!G:G,'배부로그'!D:D,$A22,'배부로그'!F:F,"창고"),0) -> 8 | J22: =IFERROR(SUMIFS('배부로그'!G:G,'배부로그'!D:D,$A22,'배부로그'!F:F,"4층지원실"),0) -> 0 | K22: =IFERROR(SUMIFS('배부로그'!G:G,'배부로그'!D:D,$A22,'배부로그'!F:F,"8층지원실"),0) -> 0 | L22: =SUM(I22:K22) -> 8 | M22: =IFERROR(SUMIFS('회수로그'!H:H,'회수로그'!E:E,$A22,'회수로그'!G:G,"창고"),0) -> 0 | N22: =IFERROR(SUMIFS('회수로그'!H:H,'회수로그'!E:E,$A22,'회수로그'!G:G,"4층지원실"),0) -> 0 | O22: =IFERROR(SUMIFS('회수로그'!H:H,'회수로그'!E:E,$A22,'회수로그'!G:G,"8층지원실"),0) -> 0 | P22: =SUM(M22:O22) -> 0 | Q22: =IFERROR(SUMIFS('재고이동로그'!F:F,'재고이동로그'!C:C,$A22,'재고이동로그'!D:D,"창고"),0) -> 0 | R22: =IFERROR(SUMIFS('재고이동로그'!F:F,'재고이동로그'!C:C,$A22,'재고이동로그'!E:E,"4층지원실"),0) -> 0 | S22: =IFERROR(SUMIFS('재고이동로그'!F:F,'재고이동로그'!C:C,$A22,'재고이동로그'!E:E,"8층지원실"),0) -> 0 | T22: =IFERROR(SUMIFS('재고이동로그'!F:F,'재고이동로그'!C:C,$A22,'재고이동로그'!E:E,"창고"),0) -> 0 | U22: =IFERROR(SUMIFS('재고이동로그'!F:F,'재고이동로그'!C:C,$A22,'재고이동로그'!E:E,"4층지원실"),0) -> 0 | V22: =IFERROR(SUMIFS('재고이동로그'!F:F,'재고이동로그'!C:C,$A22,'재고이동로그'!E:E,"8층지원실"),0) -> 0 | W22: =B22+E22-I22+M22-Q22+T22 -> 11 | X22: =C22+F22-J22+N22-R22+U22 -> 0 | Y22: =D22+G22-K22+O22-S22+V22 -> 0 | Z22: =SUM(W22:Y22) -> 11 | AA22: =IF(Z22<30,"부족","정상") -> 부족
A23: =IFERROR(__xludf.DUMMYFUNCTION("""COMPUTED_VALUE"""),"(백종수) 친절한백선생_독해풀이시즌2") -> (백종수) 친절한백선생_독해풀이시즌2 | B23: =IFERROR(SUMIFS('교재재고'!C:C,'교재재고'!B:B,$A23),0) -> 242 | C23: =IFERROR(SUMIFS('교재재고'!D:D,'교재재고'!B:B,$A23),0) -> 0 | D23: =IFERROR(SUMIFS('교재재고'!E:E,'교재재고'!B:B,$A23),0) -> 0 | E23: =IFERROR(SUMIFS('교재재고'!F:F,'교재재고'!B:B,$A23),0) +IFERROR(SUMIFS('교재재고'!I:I,'교재재고'!B:B,$A23),0) +IFERROR(SUMIFS('교재재고'!L:L,'교재재고'!B:B,$A23),0) +IFERROR(SUMIFS('교재재고'!O:O,'교재재고'!B:B,$A23),0) +IFERROR(SUMIFS('교재재고'!R:R,'교재재고'!B:B,$A23),0) -> 0 | F23: =IFERROR(SUMIFS('교재재고'!G:G,'교재재고'!B:B,$A23),0) +IFERROR(SUMIFS('교재재고'!J:J,'교재재고'!B:B,$A23),0) +IFERROR(SUMIFS('교재재고'!M:M,'교재재고'!B:B,$A23),0) +IFERROR(SUMIFS('교재재고'!P:P,'교재재고'!B:B,$A23),0) +IFERROR(SUMIFS('교재재고'!S:S,'교재재고'!B:B,$A23),0) -> 0 | G23: =IFERROR(SUMIFS('교재재고'!H:H,'교재재고'!B:B,$A23),0) +IFERROR(SUMIFS('교재재고'!K:K,'교재재고'!B:B,$A23),0) +IFERROR(SUMIFS('교재재고'!N:N,'교재재고'!B:B,$A23),0) +IFERROR(SUMIFS('교재재고'!Q:Q,'교재재고'!B:B,$A23),0) +IFERROR(SUMIFS('교재재고'!T:T,'교재재고'!B:B,$A23),0) -> 0 | H23: =SUM(B23:G23) -> 242 | I23: =IFERROR(SUMIFS('배부로그'!G:G,'배부로그'!D:D,$A23,'배부로그'!F:F,"창고"),0) -> 0 | J23: =IFERROR(SUMIFS('배부로그'!G:G,'배부로그'!D:D,$A23,'배부로그'!F:F,"4층지원실"),0) -> 0 | K23: =IFERROR(SUMIFS('배부로그'!G:G,'배부로그'!D:D,$A23,'배부로그'!F:F,"8층지원실"),0) -> 0 | L23: =SUM(I23:K23) -> 0 | M23: =IFERROR(SUMIFS('회수로그'!H:H,'회수로그'!E:E,$A23,'회수로그'!G:G,"창고"),0) -> 0 | N23: =IFERROR(SUMIFS('회수로그'!H:H,'회수로그'!E:E,$A23,'회수로그'!G:G,"4층지원실"),0) -> 0 | O23: =IFERROR(SUMIFS('회수로그'!H:H,'회수로그'!E:E,$A23,'회수로그'!G:G,"8층지원실"),0) -> 0 | P23: =SUM(M23:O23) -> 0 | Q23: =IFERROR(SUMIFS('재고이동로그'!F:F,'재고이동로그'!C:C,$A23,'재고이동로그'!D:D,"창고"),0) -> 0 | R23: =IFERROR(SUMIFS('재고이동로그'!F:F,'재고이동로그'!C:C,$A23,'재고이동로그'!E:E,"4층지원실"),0) -> 0 | S23: =IFERROR(SUMIFS('재고이동로그'!F:F,'재고이동로그'!C:C,$A23,'재고이동로그'!E:E,"8층지원실"),0) -> 0 | T23: =IFERROR(SUMIFS('재고이동로그'!F:F,'재고이동로그'!C:C,$A23,'재고이동로그'!E:E,"창고"),0) -> 0 | U23: =IFERROR(SUMIFS('재고이동로그'!F:F,'재고이동로그'!C:C,$A23,'재고이동로그'!E:E,"4층지원실"),0) -> 0 | V23: =IFERROR(SUMIFS('재고이동로그'!F:F,'재고이동로그'!C:C,$A23,'재고이동로그'!E:E,"8층지원실"),0) -> 0 | W23: =B23+E23-I23+M23-Q23+T23 -> 242 | X23: =C23+F23-J23+N23-R23+U23 -> 0 | Y23: =D23+G23-K23+O23-S23+V23 -> 0 | Z23: =SUM(W23:Y23) -> 242 | AA23: =IF(Z23<30,"부족","정상") -> 정상
A24: =IFERROR(__xludf.DUMMYFUNCTION("""COMPUTED_VALUE"""),"(백종수) 친정한백선생_문학연계시즌2") -> (백종수) 친정한백선생_문학연계시즌2 | B24: =IFERROR(SUMIFS('교재재고'!C:C,'교재재고'!B:B,$A24),0) -> 242 | C24: =IFERROR(SUMIFS('교재재고'!D:D,'교재재고'!B:B,$A24),0) -> 0 | D24: =IFERROR(SUMIFS('교재재고'!E:E,'교재재고'!B:B,$A24),0) -> 0 | E24: =IFERROR(SUMIFS('교재재고'!F:F,'교재재고'!B:B,$A24),0) +IFERROR(SUMIFS('교재재고'!I:I,'교재재고'!B:B,$A24),0) +IFERROR(SUMIFS('교재재고'!L:L,'교재재고'!B:B,$A24),0) +IFERROR(SUMIFS('교재재고'!O:O,'교재재고'!B:B,$A24),0) +IFERROR(SUMIFS('교재재고'!R:R,'교재재고'!B:B,$A24),0) -> 0 | F24: =IFERROR(SUMIFS('교재재고'!G:G,'교재재고'!B:B,$A24),0) +IFERROR(SUMIFS('교재재고'!J:J,'교재재고'!B:B,$A24),0) +IFERROR(SUMIFS('교재재고'!M:M,'교재재고'!B:B,$A24),0) +IFERROR(SUMIFS('교재재고'!P:P,'교재재고'!B:B,$A24),0) +IFERROR(SUMIFS('교재재고'!S:S,'교재재고'!B:B,$A24),0) -> 0 | G24: =IFERROR(SUMIFS('교재재고'!H:H,'교재재고'!B:B,$A24),0) +IFERROR(SUMIFS('교재재고'!K:K,'교재재고'!B:B,$A24),0) +IFERROR(SUMIFS('교재재고'!N:N,'교재재고'!B:B,$A24),0) +IFERROR(SUMIFS('교재재고'!Q:Q,'교재재고'!B:B,$A24),0) +IFERROR(SUMIFS('교재재고'!T:T,'교재재고'!B:B,$A24),0) -> 0 | H24: =SUM(B24:G24) -> 242 | I24: =IFERROR(SUMIFS('배부로그'!G:G,'배부로그'!D:D,$A24,'배부로그'!F:F,"창고"),0) -> 0 | J24: =IFERROR(SUMIFS('배부로그'!G:G,'배부로그'!D:D,$A24,'배부로그'!F:F,"4층지원실"),0) -> 0 | K24: =IFERROR(SUMIFS('배부로그'!G:G,'배부로그'!D:D,$A24,'배부로그'!F:F,"8층지원실"),0) -> 0 | L24: =SUM(I24:K24) -> 0 | M24: =IFERROR(SUMIFS('회수로그'!H:H,'회수로그'!E:E,$A24,'회수로그'!G:G,"창고"),0) -> 0 | N24: =IFERROR(SUMIFS('회수로그'!H:H,'회수로그'!E:E,$A24,'회수로그'!G:G,"4층지원실"),0) -> 0 | O24: =IFERROR(SUMIFS('회수로그'!H:H,'회수로그'!E:E,$A24,'회수로그'!G:G,"8층지원실"),0) -> 0 | P24: =SUM(M24:O24) -> 0 | Q24: =IFERROR(SUMIFS('재고이동로그'!F:F,'재고이동로그'!C:C,$A24,'재고이동로그'!D:D,"창고"),0) -> 0 | R24: =IFERROR(SUMIFS('재고이동로그'!F:F,'재고이동로그'!C:C,$A24,'재고이동로그'!E:E,"4층지원실"),0) -> 0 | S24: =IFERROR(SUMIFS('재고이동로그'!F:F,'재고이동로그'!C:C,$A24,'재고이동로그'!E:E,"8층지원실"),0) -> 0 | T24: =IFERROR(SUMIFS('재고이동로그'!F:F,'재고이동로그'!C:C,$A24,'재고이동로그'!E:E,"창고"),0) -> 0 | U24: =IFERROR(SUMIFS('재고이동로그'!F:F,'재고이동로그'!C:C,$A24,'재고이동로그'!E:E,"4층지원실"),0) -> 0 | V24: =IFERROR(SUMIFS('재고이동로그'!F:F,'재고이동로그'!C:C,$A24,'재고이동로그'!E:E,"8층지원실"),0) -> 0 | W24: =B24+E24-I24+M24-Q24+T24 -> 242 | X24: =C24+F24-J24+N24-R24+U24 -> 0 | Y24: =D24+G24-K24+O24-S24+V24 -> 0 | Z24: =SUM(W24:Y24) -> 242 | AA24: =IF(Z24<30,"부족","정상") -> 정상
A25: =IFERROR(__xludf.DUMMYFUNCTION("""COMPUTED_VALUE"""),"(성열상) 물리") -> (성열상) 물리 | B25: =IFERROR(SUMIFS('교재재고'!C:C,'교재재고'!B:B,$A25),0) -> 11 | C25: =IFERROR(SUMIFS('교재재고'!D:D,'교재재고'!B:B,$A25),0) -> 0 | D25: =IFERROR(SUMIFS('교재재고'!E:E,'교재재고'!B:B,$A25),0) -> 0 | E25: =IFERROR(SUMIFS('교재재고'!F:F,'교재재고'!B:B,$A25),0) +IFERROR(SUMIFS('교재재고'!I:I,'교재재고'!B:B,$A25),0) +IFERROR(SUMIFS('교재재고'!L:L,'교재재고'!B:B,$A25),0) +IFERROR(SUMIFS('교재재고'!O:O,'교재재고'!B:B,$A25),0) +IFERROR(SUMIFS('교재재고'!R:R,'교재재고'!B:B,$A25),0) -> 0 | F25: =IFERROR(SUMIFS('교재재고'!G:G,'교재재고'!B:B,$A25),0) +IFERROR(SUMIFS('교재재고'!J:J,'교재재고'!B:B,$A25),0) +IFERROR(SUMIFS('교재재고'!M:M,'교재재고'!B:B,$A25),0) +IFERROR(SUMIFS('교재재고'!P:P,'교재재고'!B:B,$A25),0) +IFERROR(SUMIFS('교재재고'!S:S,'교재재고'!B:B,$A25),0) -> 0 | G25: =IFERROR(SUMIFS('교재재고'!H:H,'교재재고'!B:B,$A25),0) +IFERROR(SUMIFS('교재재고'!K:K,'교재재고'!B:B,$A25),0) +IFERROR(SUMIFS('교재재고'!N:N,'교재재고'!B:B,$A25),0) +IFERROR(SUMIFS('교재재고'!Q:Q,'교재재고'!B:B,$A25),0) +IFERROR(SUMIFS('교재재고'!T:T,'교재재고'!B:B,$A25),0) -> 0 | H25: =SUM(B25:G25) -> 11 | I25: =IFERROR(SUMIFS('배부로그'!G:G,'배부로그'!D:D,$A25,'배부로그'!F:F,"창고"),0) -> 0 | J25: =IFERROR(SUMIFS('배부로그'!G:G,'배부로그'!D:D,$A25,'배부로그'!F:F,"4층지원실"),0) -> 0 | K25: =IFERROR(SUMIFS('배부로그'!G:G,'배부로그'!D:D,$A25,'배부로그'!F:F,"8층지원실"),0) -> 0 | L25: =SUM(I25:K25) -> 0 | M25: =IFERROR(SUMIFS('회수로그'!H:H,'회수로그'!E:E,$A25,'회수로그'!G:G,"창고"),0) -> 0 | N25: =IFERROR(SUMIFS('회수로그'!H:H,'회수로그'!E:E,$A25,'회수로그'!G:G,"4층지원실"),0) -> 0 | O25: =IFERROR(SUMIFS('회수로그'!H:H,'회수로그'!E:E,$A25,'회수로그'!G:G,"8층지원실"),0) -> 0 | P25: =SUM(M25:O25) -> 0 | Q25: =IFERROR(SUMIFS('재고이동로그'!F:F,'재고이동로그'!C:C,$A25,'재고이동로그'!D:D,"창고"),0) -> 0 | R25: =IFERROR(SUMIFS('재고이동로그'!F:F,'재고이동로그'!C:C,$A25,'재고이동로그'!E:E,"4층지원실"),0) -> 0 | S25: =IFERROR(SUMIFS('재고이동로그'!F:F,'재고이동로그'!C:C,$A25,'재고이동로그'!E:E,"8층지원실"),0) -> 0 | T25: =IFERROR(SUMIFS('재고이동로그'!F:F,'재고이동로그'!C:C,$A25,'재고이동로그'!E:E,"창고"),0) -> 0 | U25: =IFERROR(SUMIFS('재고이동로그'!F:F,'재고이동로그'!C:C,$A25,'재고이동로그'!E:E,"4층지원실"),0) -> 0 | V25: =IFERROR(SUMIFS('재고이동로그'!F:F,'재고이동로그'!C:C,$A25,'재고이동로그'!E:E,"8층지원실"),0) -> 0 | W25: =B25+E25-I25+M25-Q25+T25 -> 11 | X25: =C25+F25-J25+N25-R25+U25 -> 0 | Y25: =D25+G25-K25+O25-S25+V25 -> 0 | Z25: =SUM(W25:Y25) -> 11 | AA25: =IF(Z25<30,"부족","정상") -> 부족
A26: =IFERROR(__xludf.DUMMYFUNCTION("""COMPUTED_VALUE"""),"(수매깨7주차) J") -> (수매깨7주차) J | B26: =IFERROR(SUMIFS('교재재고'!C:C,'교재재고'!B:B,$A26),0) -> 60 | C26: =IFERROR(SUMIFS('교재재고'!D:D,'교재재고'!B:B,$A26),0) -> 0 | D26: =IFERROR(SUMIFS('교재재고'!E:E,'교재재고'!B:B,$A26),0) -> 0 | E26: =IFERROR(SUMIFS('교재재고'!F:F,'교재재고'!B:B,$A26),0) +IFERROR(SUMIFS('교재재고'!I:I,'교재재고'!B:B,$A26),0) +IFERROR(SUMIFS('교재재고'!L:L,'교재재고'!B:B,$A26),0) +IFERROR(SUMIFS('교재재고'!O:O,'교재재고'!B:B,$A26),0) +IFERROR(SUMIFS('교재재고'!R:R,'교재재고'!B:B,$A26),0) -> 0 | F26: =IFERROR(SUMIFS('교재재고'!G:G,'교재재고'!B:B,$A26),0) +IFERROR(SUMIFS('교재재고'!J:J,'교재재고'!B:B,$A26),0) +IFERROR(SUMIFS('교재재고'!M:M,'교재재고'!B:B,$A26),0) +IFERROR(SUMIFS('교재재고'!P:P,'교재재고'!B:B,$A26),0) +IFERROR(SUMIFS('교재재고'!S:S,'교재재고'!B:B,$A26),0) -> 0 | G26: =IFERROR(SUMIFS('교재재고'!H:H,'교재재고'!B:B,$A26),0) +IFERROR(SUMIFS('교재재고'!K:K,'교재재고'!B:B,$A26),0) +IFERROR(SUMIFS('교재재고'!N:N,'교재재고'!B:B,$A26),0) +IFERROR(SUMIFS('교재재고'!Q:Q,'교재재고'!B:B,$A26),0) +IFERROR(SUMIFS('교재재고'!T:T,'교재재고'!B:B,$A26),0) -> 0 | H26: =SUM(B26:G26) -> 60 | I26: =IFERROR(SUMIFS('배부로그'!G:G,'배부로그'!D:D,$A26,'배부로그'!F:F,"창고"),0) -> 58 | J26: =IFERROR(SUMIFS('배부로그'!G:G,'배부로그'!D:D,$A26,'배부로그'!F:F,"4층지원실"),0) -> 0 | K26: =IFERROR(SUMIFS('배부로그'!G:G,'배부로그'!D:D,$A26,'배부로그'!F:F,"8층지원실"),0) -> 0 | L26: =SUM(I26:K26) -> 58 | M26: =IFERROR(SUMIFS('회수로그'!H:H,'회수로그'!E:E,$A26,'회수로그'!G:G,"창고"),0) -> 0 | N26: =IFERROR(SUMIFS('회수로그'!H:H,'회수로그'!E:E,$A26,'회수로그'!G:G,"4층지원실"),0) -> 0 | O26: =IFERROR(SUMIFS('회수로그'!H:H,'회수로그'!E:E,$A26,'회수로그'!G:G,"8층지원실"),0) -> 0 | P26: =SUM(M26:O26) -> 0 | Q26: =IFERROR(SUMIFS('재고이동로그'!F:F,'재고이동로그'!C:C,$A26,'재고이동로그'!D:D,"창고"),0) -> 0 | R26: =IFERROR(SUMIFS('재고이동로그'!F:F,'재고이동로그'!C:C,$A26,'재고이동로그'!E:E,"4층지원실"),0) -> 0 | S26: =IFERROR(SUMIFS('재고이동로그'!F:F,'재고이동로그'!C:C,$A26,'재고이동로그'!E:E,"8층지원실"),0) -> 0 | T26: =IFERROR(SUMIFS('재고이동로그'!F:F,'재고이동로그'!C:C,$A26,'재고이동로그'!E:E,"창고"),0) -> 0 | U26: =IFERROR(SUMIFS('재고이동로그'!F:F,'재고이동로그'!C:C,$A26,'재고이동로그'!E:E,"4층지원실"),0) -> 0 | V26: =IFERROR(SUMIFS('재고이동로그'!F:F,'재고이동로그'!C:C,$A26,'재고이동로그'!E:E,"8층지원실"),0) -> 0 | W26: =B26+E26-I26+M26-Q26+T26 -> 2 | X26: =C26+F26-J26+N26-R26+U26 -> 0 | Y26: =D26+G26-K26+O26-S26+V26 -> 0 | Z26: =SUM(W26:Y26) -> 2 | AA26: =IF(Z26<30,"부족","정상") -> 부족
A27: =IFERROR(__xludf.DUMMYFUNCTION("""COMPUTED_VALUE"""),"(수매깨7주차) M") -> (수매깨7주차) M | B27: =IFERROR(SUMIFS('교재재고'!C:C,'교재재고'!B:B,$A27),0) -> 122 | C27: =IFERROR(SUMIFS('교재재고'!D:D,'교재재고'!B:B,$A27),0) -> 0 | D27: =IFERROR(SUMIFS('교재재고'!E:E,'교재재고'!B:B,$A27),0) -> 0 | E27: =IFERROR(SUMIFS('교재재고'!F:F,'교재재고'!B:B,$A27),0) +IFERROR(SUMIFS('교재재고'!I:I,'교재재고'!B:B,$A27),0) +IFERROR(SUMIFS('교재재고'!L:L,'교재재고'!B:B,$A27),0) +IFERROR(SUMIFS('교재재고'!O:O,'교재재고'!B:B,$A27),0) +IFERROR(SUMIFS('교재재고'!R:R,'교재재고'!B:B,$A27),0) -> 0 | F27: =IFERROR(SUMIFS('교재재고'!G:G,'교재재고'!B:B,$A27),0) +IFERROR(SUMIFS('교재재고'!J:J,'교재재고'!B:B,$A27),0) +IFERROR(SUMIFS('교재재고'!M:M,'교재재고'!B:B,$A27),0) +IFERROR(SUMIFS('교재재고'!P:P,'교재재고'!B:B,$A27),0) +IFERROR(SUMIFS('교재재고'!S:S,'교재재고'!B:B,$A27),0) -> 0 | G27: =IFERROR(SUMIFS('교재재고'!H:H,'교재재고'!B:B,$A27),0) +IFERROR(SUMIFS('교재재고'!K:K,'교재재고'!B:B,$A27),0) +IFERROR(SUMIFS('교재재고'!N:N,'교재재고'!B:B,$A27),0) +IFERROR(SUMIFS('교재재고'!Q:Q,'교재재고'!B:B,$A27),0) +IFERROR(SUMIFS('교재재고'!T:T,'교재재고'!B:B,$A27),0) -> 0 | H27: =SUM(B27:G27) -> 122 | I27: =IFERROR(SUMIFS('배부로그'!G:G,'배부로그'!D:D,$A27,'배부로그'!F:F,"창고"),0) -> 119 | J27: =IFERROR(SUMIFS('배부로그'!G:G,'배부로그'!D:D,$A27,'배부로그'!F:F,"4층지원실"),0) -> 0 | K27: =IFERROR(SUMIFS('배부로그'!G:G,'배부로그'!D:D,$A27,'배부로그'!F:F,"8층지원실"),0) -> 0 | L27: =SUM(I27:K27) -> 119 | M27: =IFERROR(SUMIFS('회수로그'!H:H,'회수로그'!E:E,$A27,'회수로그'!G:G,"창고"),0) -> 0 | N27: =IFERROR(SUMIFS('회수로그'!H:H,'회수로그'!E:E,$A27,'회수로그'!G:G,"4층지원실"),0) -> 0 | O27: =IFERROR(SUMIFS('회수로그'!H:H,'회수로그'!E:E,$A27,'회수로그'!G:G,"8층지원실"),0) -> 0 | P27: =SUM(M27:O27) -> 0 | Q27: =IFERROR(SUMIFS('재고이동로그'!F:F,'재고이동로그'!C:C,$A27,'재고이동로그'!D:D,"창고"),0) -> 0 | R27: =IFERROR(SUMIFS('재고이동로그'!F:F,'재고이동로그'!C:C,$A27,'재고이동로그'!E:E,"4층지원실"),0) -> 0 | S27: =IFERROR(SUMIFS('재고이동로그'!F:F,'재고이동로그'!C:C,$A27,'재고이동로그'!E:E,"8층지원실"),0) -> 0 | T27: =IFERROR(SUMIFS('재고이동로그'!F:F,'재고이동로그'!C:C,$A27,'재고이동로그'!E:E,"창고"),0) -> 0 | U27: =IFERROR(SUMIFS('재고이동로그'!F:F,'재고이동로그'!C:C,$A27,'재고이동로그'!E:E,"4층지원실"),0) -> 0 | V27: =IFERROR(SUMIFS('재고이동로그'!F:F,'재고이동로그'!C:C,$A27,'재고이동로그'!E:E,"8층지원실"),0) -> 0 | W27: =B27+E27-I27+M27-Q27+T27 -> 3 | X27: =C27+F27-J27+N27-R27+U27 -> 0 | Y27: =D27+G27-K27+O27-S27+V27 -> 0 | Z27: =SUM(W27:Y27) -> 3 | AA27: =IF(Z27<30,"부족","정상") -> 부족
A28: =IFERROR(__xludf.DUMMYFUNCTION("""COMPUTED_VALUE"""),"(수매깨7주차) Q") -> (수매깨7주차) Q | B28: =IFERROR(SUMIFS('교재재고'!C:C,'교재재고'!B:B,$A28),0) -> 184 | C28: =IFERROR(SUMIFS('교재재고'!D:D,'교재재고'!B:B,$A28),0) -> 0 | D28: =IFERROR(SUMIFS('교재재고'!E:E,'교재재고'!B:B,$A28),0) -> 0 | E28: =IFERROR(SUMIFS('교재재고'!F:F,'교재재고'!B:B,$A28),0) +IFERROR(SUMIFS('교재재고'!I:I,'교재재고'!B:B,$A28),0) +IFERROR(SUMIFS('교재재고'!L:L,'교재재고'!B:B,$A28),0) +IFERROR(SUMIFS('교재재고'!O:O,'교재재고'!B:B,$A28),0) +IFERROR(SUMIFS('교재재고'!R:R,'교재재고'!B:B,$A28),0) -> 0 | F28: =IFERROR(SUMIFS('교재재고'!G:G,'교재재고'!B:B,$A28),0) +IFERROR(SUMIFS('교재재고'!J:J,'교재재고'!B:B,$A28),0) +IFERROR(SUMIFS('교재재고'!M:M,'교재재고'!B:B,$A28),0) +IFERROR(SUMIFS('교재재고'!P:P,'교재재고'!B:B,$A28),0) +IFERROR(SUMIFS('교재재고'!S:S,'교재재고'!B:B,$A28),0) -> 0 | G28: =IFERROR(SUMIFS('교재재고'!H:H,'교재재고'!B:B,$A28),0) +IFERROR(SUMIFS('교재재고'!K:K,'교재재고'!B:B,$A28),0) +IFERROR(SUMIFS('교재재고'!N:N,'교재재고'!B:B,$A28),0) +IFERROR(SUMIFS('교재재고'!Q:Q,'교재재고'!B:B,$A28),0) +IFERROR(SUMIFS('교재재고'!T:T,'교재재고'!B:B,$A28),0) -> 0 | H28: =SUM(B28:G28) -> 184 | I28: =IFERROR(SUMIFS('배부로그'!G:G,'배부로그'!D:D,$A28,'배부로그'!F:F,"창고"),0) -> 184 | J28: =IFERROR(SUMIFS('배부로그'!G:G,'배부로그'!D:D,$A28,'배부로그'!F:F,"4층지원실"),0) -> 0 | K28: =IFERROR(SUMIFS('배부로그'!G:G,'배부로그'!D:D,$A28,'배부로그'!F:F,"8층지원실"),0) -> 0 | L28: =SUM(I28:K28) -> 184 | M28: =IFERROR(SUMIFS('회수로그'!H:H,'회수로그'!E:E,$A28,'회수로그'!G:G,"창고"),0) -> 0 | N28: =IFERROR(SUMIFS('회수로그'!H:H,'회수로그'!E:E,$A28,'회수로그'!G:G,"4층지원실"),0) -> 0 | O28: =IFERROR(SUMIFS('회수로그'!H:H,'회수로그'!E:E,$A28,'회수로그'!G:G,"8층지원실"),0) -> 0 | P28: =SUM(M28:O28) -> 0 | Q28: =IFERROR(SUMIFS('재고이동로그'!F:F,'재고이동로그'!C:C,$A28,'재고이동로그'!D:D,"창고"),0) -> 0 | R28: =IFERROR(SUMIFS('재고이동로그'!F:F,'재고이동로그'!C:C,$A28,'재고이동로그'!E:E,"4층지원실"),0) -> 0 | S28: =IFERROR(SUMIFS('재고이동로그'!F:F,'재고이동로그'!C:C,$A28,'재고이동로그'!E:E,"8층지원실"),0) -> 0 | T28: =IFERROR(SUMIFS('재고이동로그'!F:F,'재고이동로그'!C:C,$A28,'재고이동로그'!E:E,"창고"),0) -> 0 | U28: =IFERROR(SUMIFS('재고이동로그'!F:F,'재고이동로그'!C:C,$A28,'재고이동로그'!E:E,"4층지원실"),0) -> 0 | V28: =IFERROR(SUMIFS('재고이동로그'!F:F,'재고이동로그'!C:C,$A28,'재고이동로그'!E:E,"8층지원실"),0) -> 0 | W28: =B28+E28-I28+M28-Q28+T28 -> 0 | X28: =C28+F28-J28+N28-R28+U28 -> 0 | Y28: =D28+G28-K28+O28-S28+V28 -> 0 | Z28: =SUM(W28:Y28) -> 0 | AA28: =IF(Z28<30,"부족","정상") -> 부족
A29: =IFERROR(__xludf.DUMMYFUNCTION("""COMPUTED_VALUE"""),"(수매깨7주차) S") -> (수매깨7주차) S | B29: =IFERROR(SUMIFS('교재재고'!C:C,'교재재고'!B:B,$A29),0) -> 132 | C29: =IFERROR(SUMIFS('교재재고'!D:D,'교재재고'!B:B,$A29),0) -> 0 | D29: =IFERROR(SUMIFS('교재재고'!E:E,'교재재고'!B:B,$A29),0) -> 0 | E29: =IFERROR(SUMIFS('교재재고'!F:F,'교재재고'!B:B,$A29),0) +IFERROR(SUMIFS('교재재고'!I:I,'교재재고'!B:B,$A29),0) +IFERROR(SUMIFS('교재재고'!L:L,'교재재고'!B:B,$A29),0) +IFERROR(SUMIFS('교재재고'!O:O,'교재재고'!B:B,$A29),0) +IFERROR(SUMIFS('교재재고'!R:R,'교재재고'!B:B,$A29),0) -> 0 | F29: =IFERROR(SUMIFS('교재재고'!G:G,'교재재고'!B:B,$A29),0) +IFERROR(SUMIFS('교재재고'!J:J,'교재재고'!B:B,$A29),0) +IFERROR(SUMIFS('교재재고'!M:M,'교재재고'!B:B,$A29),0) +IFERROR(SUMIFS('교재재고'!P:P,'교재재고'!B:B,$A29),0) +IFERROR(SUMIFS('교재재고'!S:S,'교재재고'!B:B,$A29),0) -> 0 | G29: =IFERROR(SUMIFS('교재재고'!H:H,'교재재고'!B:B,$A29),0) +IFERROR(SUMIFS('교재재고'!K:K,'교재재고'!B:B,$A29),0) +IFERROR(SUMIFS('교재재고'!N:N,'교재재고'!B:B,$A29),0) +IFERROR(SUMIFS('교재재고'!Q:Q,'교재재고'!B:B,$A29),0) +IFERROR(SUMIFS('교재재고'!T:T,'교재재고'!B:B,$A29),0) -> 0 | H29: =SUM(B29:G29) -> 132 | I29: =IFERROR(SUMIFS('배부로그'!G:G,'배부로그'!D:D,$A29,'배부로그'!F:F,"창고"),0) -> 129 | J29: =IFERROR(SUMIFS('배부로그'!G:G,'배부로그'!D:D,$A29,'배부로그'!F:F,"4층지원실"),0) -> 0 | K29: =IFERROR(SUMIFS('배부로그'!G:G,'배부로그'!D:D,$A29,'배부로그'!F:F,"8층지원실"),0) -> 0 | L29: =SUM(I29:K29) -> 129 | M29: =IFERROR(SUMIFS('회수로그'!H:H,'회수로그'!E:E,$A29,'회수로그'!G:G,"창고"),0) -> 0 | N29: =IFERROR(SUMIFS('회수로그'!H:H,'회수로그'!E:E,$A29,'회수로그'!G:G,"4층지원실"),0) -> 0 | O29: =IFERROR(SUMIFS('회수로그'!H:H,'회수로그'!E:E,$A29,'회수로그'!G:G,"8층지원실"),0) -> 0 | P29: =SUM(M29:O29) -> 0 | Q29: =IFERROR(SUMIFS('재고이동로그'!F:F,'재고이동로그'!C:C,$A29,'재고이동로그'!D:D,"창고"),0) -> 0 | R29: =IFERROR(SUMIFS('재고이동로그'!F:F,'재고이동로그'!C:C,$A29,'재고이동로그'!E:E,"4층지원실"),0) -> 0 | S29: =IFERROR(SUMIFS('재고이동로그'!F:F,'재고이동로그'!C:C,$A29,'재고이동로그'!E:E,"8층지원실"),0) -> 0 | T29: =IFERROR(SUMIFS('재고이동로그'!F:F,'재고이동로그'!C:C,$A29,'재고이동로그'!E:E,"창고"),0) -> 0 | U29: =IFERROR(SUMIFS('재고이동로그'!F:F,'재고이동로그'!C:C,$A29,'재고이동로그'!E:E,"4층지원실"),0) -> 0 | V29: =IFERROR(SUMIFS('재고이동로그'!F:F,'재고이동로그'!C:C,$A29,'재고이동로그'!E:E,"8층지원실"),0) -> 0 | W29: =B29+E29-I29+M29-Q29+T29 -> 3 | X29: =C29+F29-J29+N29-R29+U29 -> 0 | Y29: =D29+G29-K29+O29-S29+V29 -> 0 | Z29: =SUM(W29:Y29) -> 3 | AA29: =IF(Z29<30,"부족","정상") -> 부족
A30: =IFERROR(__xludf.DUMMYFUNCTION("""COMPUTED_VALUE"""),"(수매깨7주차) T") -> (수매깨7주차) T | B30: =IFERROR(SUMIFS('교재재고'!C:C,'교재재고'!B:B,$A30),0) -> 174 | C30: =IFERROR(SUMIFS('교재재고'!D:D,'교재재고'!B:B,$A30),0) -> 0 | D30: =IFERROR(SUMIFS('교재재고'!E:E,'교재재고'!B:B,$A30),0) -> 0 | E30: =IFERROR(SUMIFS('교재재고'!F:F,'교재재고'!B:B,$A30),0) +IFERROR(SUMIFS('교재재고'!I:I,'교재재고'!B:B,$A30),0) +IFERROR(SUMIFS('교재재고'!L:L,'교재재고'!B:B,$A30),0) +IFERROR(SUMIFS('교재재고'!O:O,'교재재고'!B:B,$A30),0) +IFERROR(SUMIFS('교재재고'!R:R,'교재재고'!B:B,$A30),0) -> 0 | F30: =IFERROR(SUMIFS('교재재고'!G:G,'교재재고'!B:B,$A30),0) +IFERROR(SUMIFS('교재재고'!J:J,'교재재고'!B:B,$A30),0) +IFERROR(SUMIFS('교재재고'!M:M,'교재재고'!B:B,$A30),0) +IFERROR(SUMIFS('교재재고'!P:P,'교재재고'!B:B,$A30),0) +IFERROR(SUMIFS('교재재고'!S:S,'교재재고'!B:B,$A30),0) -> 0 | G30: =IFERROR(SUMIFS('교재재고'!H:H,'교재재고'!B:B,$A30),0) +IFERROR(SUMIFS('교재재고'!K:K,'교재재고'!B:B,$A30),0) +IFERROR(SUMIFS('교재재고'!N:N,'교재재고'!B:B,$A30),0) +IFERROR(SUMIFS('교재재고'!Q:Q,'교재재고'!B:B,$A30),0) +IFERROR(SUMIFS('교재재고'!T:T,'교재재고'!B:B,$A30),0) -> 0 | H30: =SUM(B30:G30) -> 174 | I30: =IFERROR(SUMIFS('배부로그'!G:G,'배부로그'!D:D,$A30,'배부로그'!F:F,"창고"),0) -> 170 | J30: =IFERROR(SUMIFS('배부로그'!G:G,'배부로그'!D:D,$A30,'배부로그'!F:F,"4층지원실"),0) -> 0 | K30: =IFERROR(SUMIFS('배부로그'!G:G,'배부로그'!D:D,$A30,'배부로그'!F:F,"8층지원실"),0) -> 0 | L30: =SUM(I30:K30) -> 170 | M30: =IFERROR(SUMIFS('회수로그'!H:H,'회수로그'!E:E,$A30,'회수로그'!G:G,"창고"),0) -> 0 | N30: =IFERROR(SUMIFS('회수로그'!H:H,'회수로그'!E:E,$A30,'회수로그'!G:G,"4층지원실"),0) -> 0 | O30: =IFERROR(SUMIFS('회수로그'!H:H,'회수로그'!E:E,$A30,'회수로그'!G:G,"8층지원실"),0) -> 0 | P30: =SUM(M30:O30) -> 0 | Q30: =IFERROR(SUMIFS('재고이동로그'!F:F,'재고이동로그'!C:C,$A30,'재고이동로그'!D:D,"창고"),0) -> 0 | R30: =IFERROR(SUMIFS('재고이동로그'!F:F,'재고이동로그'!C:C,$A30,'재고이동로그'!E:E,"4층지원실"),0) -> 0 | S30: =IFERROR(SUMIFS('재고이동로그'!F:F,'재고이동로그'!C:C,$A30,'재고이동로그'!E:E,"8층지원실"),0) -> 0 | T30: =IFERROR(SUMIFS('재고이동로그'!F:F,'재고이동로그'!C:C,$A30,'재고이동로그'!E:E,"창고"),0) -> 0 | U30: =IFERROR(SUMIFS('재고이동로그'!F:F,'재고이동로그'!C:C,$A30,'재고이동로그'!E:E,"4층지원실"),0) -> 0 | V30: =IFERROR(SUMIFS('재고이동로그'!F:F,'재고이동로그'!C:C,$A30,'재고이동로그'!E:E,"8층지원실"),0) -> 0 | W30: =B30+E30-I30+M30-Q30+T30 -> 4 | X30: =C30+F30-J30+N30-R30+U30 -> 0 | Y30: =D30+G30-K30+O30-S30+V30 -> 0 | Z30: =SUM(W30:Y30) -> 4 | AA30: =IF(Z30<30,"부족","정상") -> 부족
A31: =IFERROR(__xludf.DUMMYFUNCTION("""COMPUTED_VALUE"""),"(수매깨8주차) J") -> (수매깨8주차) J | B31: =IFERROR(SUMIFS('교재재고'!C:C,'교재재고'!B:B,$A31),0) -> 60 | C31: =IFERROR(SUMIFS('교재재고'!D:D,'교재재고'!B:B,$A31),0) -> 0 | D31: =IFERROR(SUMIFS('교재재고'!E:E,'교재재고'!B:B,$A31),0) -> 0 | E31: =IFERROR(SUMIFS('교재재고'!F:F,'교재재고'!B:B,$A31),0) +IFERROR(SUMIFS('교재재고'!I:I,'교재재고'!B:B,$A31),0) +IFERROR(SUMIFS('교재재고'!L:L,'교재재고'!B:B,$A31),0) +IFERROR(SUMIFS('교재재고'!O:O,'교재재고'!B:B,$A31),0) +IFERROR(SUMIFS('교재재고'!R:R,'교재재고'!B:B,$A31),0) -> 0 | F31: =IFERROR(SUMIFS('교재재고'!G:G,'교재재고'!B:B,$A31),0) +IFERROR(SUMIFS('교재재고'!J:J,'교재재고'!B:B,$A31),0) +IFERROR(SUMIFS('교재재고'!M:M,'교재재고'!B:B,$A31),0) +IFERROR(SUMIFS('교재재고'!P:P,'교재재고'!B:B,$A31),0) +IFERROR(SUMIFS('교재재고'!S:S,'교재재고'!B:B,$A31),0) -> 0 | G31: =IFERROR(SUMIFS('교재재고'!H:H,'교재재고'!B:B,$A31),0) +IFERROR(SUMIFS('교재재고'!K:K,'교재재고'!B:B,$A31),0) +IFERROR(SUMIFS('교재재고'!N:N,'교재재고'!B:B,$A31),0) +IFERROR(SUMIFS('교재재고'!Q:Q,'교재재고'!B:B,$A31),0) +IFERROR(SUMIFS('교재재고'!T:T,'교재재고'!B:B,$A31),0) -> 0 | H31: =SUM(B31:G31) -> 60 | I31: =IFERROR(SUMIFS('배부로그'!G:G,'배부로그'!D:D,$A31,'배부로그'!F:F,"창고"),0) -> 0 | J31: =IFERROR(SUMIFS('배부로그'!G:G,'배부로그'!D:D,$A31,'배부로그'!F:F,"4층지원실"),0) -> 0 | K31: =IFERROR(SUMIFS('배부로그'!G:G,'배부로그'!D:D,$A31,'배부로그'!F:F,"8층지원실"),0) -> 0 | L31: =SUM(I31:K31) -> 0 | M31: =IFERROR(SUMIFS('회수로그'!H:H,'회수로그'!E:E,$A31,'회수로그'!G:G,"창고"),0) -> 0 | N31: =IFERROR(SUMIFS('회수로그'!H:H,'회수로그'!E:E,$A31,'회수로그'!G:G,"4층지원실"),0) -> 0 | O31: =IFERROR(SUMIFS('회수로그'!H:H,'회수로그'!E:E,$A31,'회수로그'!G:G,"8층지원실"),0) -> 0 | P31: =SUM(M31:O31) -> 0 | Q31: =IFERROR(SUMIFS('재고이동로그'!F:F,'재고이동로그'!C:C,$A31,'재고이동로그'!D:D,"창고"),0) -> 0 | R31: =IFERROR(SUMIFS('재고이동로그'!F:F,'재고이동로그'!C:C,$A31,'재고이동로그'!E:E,"4층지원실"),0) -> 0 | S31: =IFERROR(SUMIFS('재고이동로그'!F:F,'재고이동로그'!C:C,$A31,'재고이동로그'!E:E,"8층지원실"),0) -> 0 | T31: =IFERROR(SUMIFS('재고이동로그'!F:F,'재고이동로그'!C:C,$A31,'재고이동로그'!E:E,"창고"),0) -> 0 | U31: =IFERROR(SUMIFS('재고이동로그'!F:F,'재고이동로그'!C:C,$A31,'재고이동로그'!E:E,"4층지원실"),0) -> 0 | V31: =IFERROR(SUMIFS('재고이동로그'!F:F,'재고이동로그'!C:C,$A31,'재고이동로그'!E:E,"8층지원실"),0) -> 0 | W31: =B31+E31-I31+M31-Q31+T31 -> 60 | X31: =C31+F31-J31+N31-R31+U31 -> 0 | Y31: =D31+G31-K31+O31-S31+V31 -> 0 | Z31: =SUM(W31:Y31) -> 60 | AA31: =IF(Z31<30,"부족","정상") -> 정상
A32: =IFERROR(__xludf.DUMMYFUNCTION("""COMPUTED_VALUE"""),"(수매깨8주차) M") -> (수매깨8주차) M | B32: =IFERROR(SUMIFS('교재재고'!C:C,'교재재고'!B:B,$A32),0) -> 122 | C32: =IFERROR(SUMIFS('교재재고'!D:D,'교재재고'!B:B,$A32),0) -> 0 | D32: =IFERROR(SUMIFS('교재재고'!E:E,'교재재고'!B:B,$A32),0) -> 0 | E32: =IFERROR(SUMIFS('교재재고'!F:F,'교재재고'!B:B,$A32),0) +IFERROR(SUMIFS('교재재고'!I:I,'교재재고'!B:B,$A32),0) +IFERROR(SUMIFS('교재재고'!L:L,'교재재고'!B:B,$A32),0) +IFERROR(SUMIFS('교재재고'!O:O,'교재재고'!B:B,$A32),0) +IFERROR(SUMIFS('교재재고'!R:R,'교재재고'!B:B,$A32),0) -> 0 | F32: =IFERROR(SUMIFS('교재재고'!G:G,'교재재고'!B:B,$A32),0) +IFERROR(SUMIFS('교재재고'!J:J,'교재재고'!B:B,$A32),0) +IFERROR(SUMIFS('교재재고'!M:M,'교재재고'!B:B,$A32),0) +IFERROR(SUMIFS('교재재고'!P:P,'교재재고'!B:B,$A32),0) +IFERROR(SUMIFS('교재재고'!S:S,'교재재고'!B:B,$A32),0) -> 0 | G32: =IFERROR(SUMIFS('교재재고'!H:H,'교재재고'!B:B,$A32),0) +IFERROR(SUMIFS('교재재고'!K:K,'교재재고'!B:B,$A32),0) +IFERROR(SUMIFS('교재재고'!N:N,'교재재고'!B:B,$A32),0) +IFERROR(SUMIFS('교재재고'!Q:Q,'교재재고'!B:B,$A32),0) +IFERROR(SUMIFS('교재재고'!T:T,'교재재고'!B:B,$A32),0) -> 0 | H32: =SUM(B32:G32) -> 122 | I32: =IFERROR(SUMIFS('배부로그'!G:G,'배부로그'!D:D,$A32,'배부로그'!F:F,"창고"),0) -> 0 | J32: =IFERROR(SUMIFS('배부로그'!G:G,'배부로그'!D:D,$A32,'배부로그'!F:F,"4층지원실"),0) -> 0 | K32: =IFERROR(SUMIFS('배부로그'!G:G,'배부로그'!D:D,$A32,'배부로그'!F:F,"8층지원실"),0) -> 0 | L32: =SUM(I32:K32) -> 0 | M32: =IFERROR(SUMIFS('회수로그'!H:H,'회수로그'!E:E,$A32,'회수로그'!G:G,"창고"),0) -> 0 | N32: =IFERROR(SUMIFS('회수로그'!H:H,'회수로그'!E:E,$A32,'회수로그'!G:G,"4층지원실"),0) -> 0 | O32: =IFERROR(SUMIFS('회수로그'!H:H,'회수로그'!E:E,$A32,'회수로그'!G:G,"8층지원실"),0) -> 0 | P32: =SUM(M32:O32) -> 0 | Q32: =IFERROR(SUMIFS('재고이동로그'!F:F,'재고이동로그'!C:C,$A32,'재고이동로그'!D:D,"창고"),0) -> 0 | R32: =IFERROR(SUMIFS('재고이동로그'!F:F,'재고이동로그'!C:C,$A32,'재고이동로그'!E:E,"4층지원실"),0) -> 0 | S32: =IFERROR(SUMIFS('재고이동로그'!F:F,'재고이동로그'!C:C,$A32,'재고이동로그'!E:E,"8층지원실"),0) -> 0 | T32: =IFERROR(SUMIFS('재고이동로그'!F:F,'재고이동로그'!C:C,$A32,'재고이동로그'!E:E,"창고"),0) -> 0 | U32: =IFERROR(SUMIFS('재고이동로그'!F:F,'재고이동로그'!C:C,$A32,'재고이동로그'!E:E,"4층지원실"),0) -> 0 | V32: =IFERROR(SUMIFS('재고이동로그'!F:F,'재고이동로그'!C:C,$A32,'재고이동로그'!E:E,"8층지원실"),0) -> 0 | W32: =B32+E32-I32+M32-Q32+T32 -> 122 | X32: =C32+F32-J32+N32-R32+U32 -> 0 | Y32: =D32+G32-K32+O32-S32+V32 -> 0 | Z32: =SUM(W32:Y32) -> 122 | AA32: =IF(Z32<30,"부족","정상") -> 정상
A33: =IFERROR(__xludf.DUMMYFUNCTION("""COMPUTED_VALUE"""),"(수매깨8주차) Q") -> (수매깨8주차) Q | B33: =IFERROR(SUMIFS('교재재고'!C:C,'교재재고'!B:B,$A33),0) -> 184 | C33: =IFERROR(SUMIFS('교재재고'!D:D,'교재재고'!B:B,$A33),0) -> 0 | D33: =IFERROR(SUMIFS('교재재고'!E:E,'교재재고'!B:B,$A33),0) -> 0 | E33: =IFERROR(SUMIFS('교재재고'!F:F,'교재재고'!B:B,$A33),0) +IFERROR(SUMIFS('교재재고'!I:I,'교재재고'!B:B,$A33),0) +IFERROR(SUMIFS('교재재고'!L:L,'교재재고'!B:B,$A33),0) +IFERROR(SUMIFS('교재재고'!O:O,'교재재고'!B:B,$A33),0) +IFERROR(SUMIFS('교재재고'!R:R,'교재재고'!B:B,$A33),0) -> 0 | F33: =IFERROR(SUMIFS('교재재고'!G:G,'교재재고'!B:B,$A33),0) +IFERROR(SUMIFS('교재재고'!J:J,'교재재고'!B:B,$A33),0) +IFERROR(SUMIFS('교재재고'!M:M,'교재재고'!B:B,$A33),0) +IFERROR(SUMIFS('교재재고'!P:P,'교재재고'!B:B,$A33),0) +IFERROR(SUMIFS('교재재고'!S:S,'교재재고'!B:B,$A33),0) -> 0 | G33: =IFERROR(SUMIFS('교재재고'!H:H,'교재재고'!B:B,$A33),0) +IFERROR(SUMIFS('교재재고'!K:K,'교재재고'!B:B,$A33),0) +IFERROR(SUMIFS('교재재고'!N:N,'교재재고'!B:B,$A33),0) +IFERROR(SUMIFS('교재재고'!Q:Q,'교재재고'!B:B,$A33),0) +IFERROR(SUMIFS('교재재고'!T:T,'교재재고'!B:B,$A33),0) -> 0 | H33: =SUM(B33:G33) -> 184 | I33: =IFERROR(SUMIFS('배부로그'!G:G,'배부로그'!D:D,$A33,'배부로그'!F:F,"창고"),0) -> 0 | J33: =IFERROR(SUMIFS('배부로그'!G:G,'배부로그'!D:D,$A33,'배부로그'!F:F,"4층지원실"),0) -> 0 | K33: =IFERROR(SUMIFS('배부로그'!G:G,'배부로그'!D:D,$A33,'배부로그'!F:F,"8층지원실"),0) -> 0 | L33: =SUM(I33:K33) -> 0 | M33: =IFERROR(SUMIFS('회수로그'!H:H,'회수로그'!E:E,$A33,'회수로그'!G:G,"창고"),0) -> 0 | N33: =IFERROR(SUMIFS('회수로그'!H:H,'회수로그'!E:E,$A33,'회수로그'!G:G,"4층지원실"),0) -> 0 | O33: =IFERROR(SUMIFS('회수로그'!H:H,'회수로그'!E:E,$A33,'회수로그'!G:G,"8층지원실"),0) -> 0 | P33: =SUM(M33:O33) -> 0 | Q33: =IFERROR(SUMIFS('재고이동로그'!F:F,'재고이동로그'!C:C,$A33,'재고이동로그'!D:D,"창고"),0) -> 0 | R33: =IFERROR(SUMIFS('재고이동로그'!F:F,'재고이동로그'!C:C,$A33,'재고이동로그'!E:E,"4층지원실"),0) -> 0 | S33: =IFERROR(SUMIFS('재고이동로그'!F:F,'재고이동로그'!C:C,$A33,'재고이동로그'!E:E,"8층지원실"),0) -> 0 | T33: =IFERROR(SUMIFS('재고이동로그'!F:F,'재고이동로그'!C:C,$A33,'재고이동로그'!E:E,"창고"),0) -> 0 | U33: =IFERROR(SUMIFS('재고이동로그'!F:F,'재고이동로그'!C:C,$A33,'재고이동로그'!E:E,"4층지원실"),0) -> 0 | V33: =IFERROR(SUMIFS('재고이동로그'!F:F,'재고이동로그'!C:C,$A33,'재고이동로그'!E:E,"8층지원실"),0) -> 0 | W33: =B33+E33-I33+M33-Q33+T33 -> 184 | X33: =C33+F33-J33+N33-R33+U33 -> 0 | Y33: =D33+G33-K33+O33-S33+V33 -> 0 | Z33: =SUM(W33:Y33) -> 184 | AA33: =IF(Z33<30,"부족","정상") -> 정상
A34: =IFERROR(__xludf.DUMMYFUNCTION("""COMPUTED_VALUE"""),"(수매깨8주차) S") -> (수매깨8주차) S | B34: =IFERROR(SUMIFS('교재재고'!C:C,'교재재고'!B:B,$A34),0) -> 132 | C34: =IFERROR(SUMIFS('교재재고'!D:D,'교재재고'!B:B,$A34),0) -> 0 | D34: =IFERROR(SUMIFS('교재재고'!E:E,'교재재고'!B:B,$A34),0) -> 0 | E34: =IFERROR(SUMIFS('교재재고'!F:F,'교재재고'!B:B,$A34),0) +IFERROR(SUMIFS('교재재고'!I:I,'교재재고'!B:B,$A34),0) +IFERROR(SUMIFS('교재재고'!L:L,'교재재고'!B:B,$A34),0) +IFERROR(SUMIFS('교재재고'!O:O,'교재재고'!B:B,$A34),0) +IFERROR(SUMIFS('교재재고'!R:R,'교재재고'!B:B,$A34),0) -> 0 | F34: =IFERROR(SUMIFS('교재재고'!G:G,'교재재고'!B:B,$A34),0) +IFERROR(SUMIFS('교재재고'!J:J,'교재재고'!B:B,$A34),0) +IFERROR(SUMIFS('교재재고'!M:M,'교재재고'!B:B,$A34),0) +IFERROR(SUMIFS('교재재고'!P:P,'교재재고'!B:B,$A34),0) +IFERROR(SUMIFS('교재재고'!S:S,'교재재고'!B:B,$A34),0) -> 0 | G34: =IFERROR(SUMIFS('교재재고'!H:H,'교재재고'!B:B,$A34),0) +IFERROR(SUMIFS('교재재고'!K:K,'교재재고'!B:B,$A34),0) +IFERROR(SUMIFS('교재재고'!N:N,'교재재고'!B:B,$A34),0) +IFERROR(SUMIFS('교재재고'!Q:Q,'교재재고'!B:B,$A34),0) +IFERROR(SUMIFS('교재재고'!T:T,'교재재고'!B:B,$A34),0) -> 0 | H34: =SUM(B34:G34) -> 132 | I34: =IFERROR(SUMIFS('배부로그'!G:G,'배부로그'!D:D,$A34,'배부로그'!F:F,"창고"),0) -> 0 | J34: =IFERROR(SUMIFS('배부로그'!G:G,'배부로그'!D:D,$A34,'배부로그'!F:F,"4층지원실"),0) -> 0 | K34: =IFERROR(SUMIFS('배부로그'!G:G,'배부로그'!D:D,$A34,'배부로그'!F:F,"8층지원실"),0) -> 0 | L34: =SUM(I34:K34) -> 0 | M34: =IFERROR(SUMIFS('회수로그'!H:H,'회수로그'!E:E,$A34,'회수로그'!G:G,"창고"),0) -> 0 | N34: =IFERROR(SUMIFS('회수로그'!H:H,'회수로그'!E:E,$A34,'회수로그'!G:G,"4층지원실"),0) -> 0 | O34: =IFERROR(SUMIFS('회수로그'!H:H,'회수로그'!E:E,$A34,'회수로그'!G:G,"8층지원실"),0) -> 0 | P34: =SUM(M34:O34) -> 0 | Q34: =IFERROR(SUMIFS('재고이동로그'!F:F,'재고이동로그'!C:C,$A34,'재고이동로그'!D:D,"창고"),0) -> 0 | R34: =IFERROR(SUMIFS('재고이동로그'!F:F,'재고이동로그'!C:C,$A34,'재고이동로그'!E:E,"4층지원실"),0) -> 0 | S34: =IFERROR(SUMIFS('재고이동로그'!F:F,'재고이동로그'!C:C,$A34,'재고이동로그'!E:E,"8층지원실"),0) -> 0 | T34: =IFERROR(SUMIFS('재고이동로그'!F:F,'재고이동로그'!C:C,$A34,'재고이동로그'!E:E,"창고"),0) -> 0 | U34: =IFERROR(SUMIFS('재고이동로그'!F:F,'재고이동로그'!C:C,$A34,'재고이동로그'!E:E,"4층지원실"),0) -> 0 | V34: =IFERROR(SUMIFS('재고이동로그'!F:F,'재고이동로그'!C:C,$A34,'재고이동로그'!E:E,"8층지원실"),0) -> 0 | W34: =B34+E34-I34+M34-Q34+T34 -> 132 | X34: =C34+F34-J34+N34-R34+U34 -> 0 | Y34: =D34+G34-K34+O34-S34+V34 -> 0 | Z34: =SUM(W34:Y34) -> 132 | AA34: =IF(Z34<30,"부족","정상") -> 정상
